captured_at,sport,year,week,event_id,play_id,period,clock,play_text,down,distance,possession,yard_line,score_margin,home,away,home_score,away_score,home_win_prob,away_win_prob,home_pass_yds,home_rush_yds,home_total_yds,away_pass_yds,away_rush_yds,away_total_yds,market_type,market,selection,player,line,book_id,book_price,model_projection,model_price,model_prob,actual_result,actual_stat,bet_result,expected_roi_pct,pregame_line,pregame_book_price,pregame_projection,pregame_capture_at,pregame_capture_type
2026-09-21T01:35:17.907123+00:00,nfl,2026,2,401872945,4018729451,1,15:00,GAME,2,1,IND 37,63,0,Kansas City Chiefs,Indianapolis Colts,0,0,76.9,23.1,130.0,39.0,169.0,71.0,56.0,127.0,game,Total,Over,,56.5,betfair,-116,—,—,,0.0,,miss,,,,—,,
2026-09-21T01:35:17.907123+00:00,nfl,2026,2,401872945,4018729451,1,15:00,GAME,2,1,IND 37,63,0,Kansas City Chiefs,Indianapolis Colts,0,0,76.9,23.1,130.0,39.0,169.0,71.0,56.0,127.0,game,Total,Under,,56.5,betfair,102,—,—,,0.0,,hit,,,,—,,
2026-09-21T01:35:17.907123+00:00,nfl,2026,2,401872945,4018729451,1,15:00,GAME,2,1,IND 37,63,0,Kansas City Chiefs,Indianapolis Colts,0,0,76.9,23.1,130.0,39.0,169.0,71.0,56.0,127.0,game,ML,Kansas City Chiefs,,,polymarket,-301,—,—,,Loss,,miss,,,,—,,
2026-09-21T01:35:17.907123+00:00,nfl,2026,2,401872945,40187294539,1,15:00,"H.Butker kicks 65 yards from KC 35 to end zone, Touchback to the IND 35.",2,1,IND 37,35,0,Kansas City Chiefs,Indianapolis Colts,0,0,76.9,23.1,130.0,39.0,169.0,71.0,56.0,127.0,game,Total,Over,,56.5,betfair,-116,—,—,,0.0,,miss,,,,—,,
2026-09-21T01:35:17.907123+00:00,nfl,2026,2,401872945,40187294539,1,15:00,"H.Butker kicks 65 yards from KC 35 to end zone, Touchback to the IND 35.",2,1,IND 37,35,0,Kansas City Chiefs,Indianapolis Colts,0,0,76.9,23.1,130.0,39.0,169.0,71.0,56.0,127.0,game,Total,Under,,56.5,betfair,102,—,—,,0.0,,hit,,,,—,,
2026-09-21T01:35:17.907123+00:00,nfl,2026,2,401872945,40187294539,1,15:00,"H.Butker kicks 65 yards from KC 35 to end zone, Touchback to the IND 35.",2,1,IND 37,35,0,Kansas City Chiefs,Indianapolis Colts,0,0,76.9,23.1,130.0,39.0,169.0,71.0,56.0,127.0,game,ML,Kansas City Chiefs,,,polymarket,-301,—,—,,Loss,,miss,,,,—,,
2026-09-21T01:35:17.907123+00:00,nfl,2026,2,401872945,40187294565,1,15:00,J.Taylor right end to IND 40 for 5 yards (J.Hicks; A.Gilman).,1,10,IND 35,65,0,Kansas City Chiefs,Indianapolis Colts,0,0,76.9,23.1,130.0,39.0,169.0,71.0,56.0,127.0,game,Total,Over,,56.5,betfair,-116,—,—,,0.0,,miss,,,,—,,
2026-09-21T01:35:17.907123+00:00,nfl,2026,2,401872945,40187294565,1,15:00,J.Taylor right end to IND 40 for 5 yards (J.Hicks; A.Gilman).,1,10,IND 35,65,0,Kansas City Chiefs,Indianapolis Colts,0,0,76.9,23.1,130.0,39.0,169.0,71.0,56.0,127.0,game,Total,Under,,56.5,betfair,102,—,—,,0.0,,hit,,,,—,,
2026-09-21T01:35:17.907123+00:00,nfl,2026,2,401872945,40187294565,1,15:00,J.Taylor right end to IND 40 for 5 yards (J.Hicks; A.Gilman).,1,10,IND 35,65,0,Kansas City Chiefs,Indianapolis Colts,0,0,76.9,23.1,130.0,39.0,169.0,71.0,56.0,127.0,game,ML,Kansas City Chiefs,,,polymarket,-301,—,—,,Loss,,miss,,,,—,,
2026-09-21T01:35:17.907123+00:00,nfl,2026,2,401872945,40187294587,1,14:23,J.Taylor left tackle to IND 44 for 4 yards (D.Tranquill; G.Karlaftis).,2,5,IND 40,60,0,Kansas City Chiefs,Indianapolis Colts,0,0,76.9,23.1,130.0,39.0,169.0,71.0,56.0,127.0,game,Total,Over,,56.5,betfair,-116,—,—,,0.0,,miss,,,,—,,
2026-09-21T01:35:17.907123+00:00,nfl,2026,2,401872945,40187294587,1,14:23,J.Taylor left tackle to IND 44 for 4 yards (D.Tranquill; G.Karlaftis).,2,5,IND 40,60,0,Kansas City Chiefs,Indianapolis Colts,0,0,76.9,23.1,130.0,39.0,169.0,71.0,56.0,127.0,game,Total,Under,,56.5,betfair,102,—,—,,0.0,,hit,,,,—,,
2026-09-21T01:35:17.907123+00:00,nfl,2026,2,401872945,40187294587,1,14:23,J.Taylor left tackle to IND 44 for 4 yards (D.Tranquill; G.Karlaftis).,2,5,IND 40,60,0,Kansas City Chiefs,Indianapolis Colts,0,0,76.9,23.1,130.0,39.0,169.0,71.0,56.0,127.0,game,ML,Kansas City Chiefs,,,polymarket,-301,—,—,,Loss,,miss,,,,—,,
2026-09-21T01:35:17.907123+00:00,nfl,2026,2,401872945,401872945109,1,13:44,L.Tenuta reported in as eligible.  T.Warren up the middle to IND 47 for 3 yards (G.Karlaftis).,3,1,IND 44,56,0,Kansas City Chiefs,Indianapolis Colts,0,0,76.9,23.1,130.0,39.0,169.0,71.0,56.0,127.0,game,Total,Over,,56.5,betfair,-116,—,—,,0.0,,miss,,,,—,,
2026-09-21T01:35:17.907123+00:00,nfl,2026,2,401872945,401872945109,1,13:44,L.Tenuta reported in as eligible.  T.Warren up the middle to IND 47 for 3 yards (G.Karlaftis).,3,1,IND 44,56,0,Kansas City Chiefs,Indianapolis Colts,0,0,76.9,23.1,130.0,39.0,169.0,71.0,56.0,127.0,game,Total,Under,,56.5,betfair,102,—,—,,0.0,,hit,,,,—,,
2026-09-21T01:35:17.907123+00:00,nfl,2026,2,401872945,401872945109,1,13:44,L.Tenuta reported in as eligible.  T.Warren up the middle to IND 47 for 3 yards (G.Karlaftis).,3,1,IND 44,56,0,Kansas City Chiefs,Indianapolis Colts,0,0,76.9,23.1,130.0,39.0,169.0,71.0,56.0,127.0,game,ML,Kansas City Chiefs,,,polymarket,-301,—,—,,Loss,,miss,,,,—,,
2026-09-21T01:35:17.907123+00:00,nfl,2026,2,401872945,401872945133,1,13:06,D.Jones pass short right to A.Pierce to KC 42 for 11 yards (L.Sneed).,1,10,IND 47,53,0,Kansas City Chiefs,Indianapolis Colts,0,0,76.9,23.1,130.0,39.0,169.0,71.0,56.0,127.0,game,Total,Over,,56.5,betfair,-116,—,—,,0.0,,miss,,,,—,,
2026-09-21T01:35:17.907123+00:00,nfl,2026,2,401872945,401872945133,1,13:06,D.Jones pass short right to A.Pierce to KC 42 for 11 yards (L.Sneed).,1,10,IND 47,53,0,Kansas City Chiefs,Indianapolis Colts,0,0,76.9,23.1,130.0,39.0,169.0,71.0,56.0,127.0,game,Total,Under,,56.5,betfair,102,—,—,,0.0,,hit,,,,—,,
2026-09-21T01:35:17.907123+00:00,nfl,2026,2,401872945,401872945133,1,13:06,D.Jones pass short right to A.Pierce to KC 42 for 11 yards (L.Sneed).,1,10,IND 47,53,0,Kansas City Chiefs,Indianapolis Colts,0,0,76.9,23.1,130.0,39.0,169.0,71.0,56.0,127.0,game,ML,Kansas City Chiefs,,,polymarket,-301,—,—,,Loss,,miss,,,,—,,
2026-09-21T01:35:17.907123+00:00,nfl,2026,2,401872945,401872945158,1,12:29,J.Taylor right end to KC 30 for 12 yards (A.Gilman; J.Hicks).,1,10,KC 42,42,0,Kansas City Chiefs,Indianapolis Colts,0,0,76.9,23.1,130.0,39.0,169.0,71.0,56.0,127.0,game,Total,Over,,56.5,betfair,-116,—,—,,0.0,,miss,,,,—,,
2026-09-21T01:35:17.907123+00:00,nfl,2026,2,401872945,401872945158,1,12:29,J.Taylor right end to KC 30 for 12 yards (A.Gilman; J.Hicks).,1,10,KC 42,42,0,Kansas City Chiefs,Indianapolis Colts,0,0,76.9,23.1,130.0,39.0,169.0,71.0,56.0,127.0,game,Total,Under,,56.5,betfair,102,—,—,,0.0,,hit,,,,—,,
2026-09-21T01:35:17.907123+00:00,nfl,2026,2,401872945,401872945158,1,12:29,J.Taylor right end to KC 30 for 12 yards (A.Gilman; J.Hicks).,1,10,KC 42,42,0,Kansas City Chiefs,Indianapolis Colts,0,0,76.9,23.1,130.0,39.0,169.0,71.0,56.0,127.0,game,ML,Kansas City Chiefs,,,polymarket,-301,—,—,,Loss,,miss,,,,—,,
2026-09-21T01:35:17.907123+00:00,nfl,2026,2,401872945,401872945180,1,11:51,D.Burks left end to KC 20 for 10 yards (J.Hicks).,1,10,KC 30,30,0,Kansas City Chiefs,Indianapolis Colts,0,0,76.9,23.1,130.0,39.0,169.0,71.0,56.0,127.0,game,Total,Over,,56.5,betfair,-116,—,—,,0.0,,miss,,,,—,,
2026-09-21T01:35:17.907123+00:00,nfl,2026,2,401872945,401872945180,1,11:51,D.Burks left end to KC 20 for 10 yards (J.Hicks).,1,10,KC 30,30,0,Kansas City Chiefs,Indianapolis Colts,0,0,76.9,23.1,130.0,39.0,169.0,71.0,56.0,127.0,game,Total,Under,,56.5,betfair,102,—,—,,0.0,,hit,,,,—,,
2026-09-21T01:35:17.907123+00:00,nfl,2026,2,401872945,401872945180,1,11:51,D.Burks left end to KC 20 for 10 yards (J.Hicks).,1,10,KC 30,30,0,Kansas City Chiefs,Indianapolis Colts,0,0,76.9,23.1,130.0,39.0,169.0,71.0,56.0,127.0,game,ML,Kansas City Chiefs,,,polymarket,-301,—,—,,Loss,,miss,,,,—,,
2026-09-21T01:35:17.907123+00:00,nfl,2026,2,401872945,401872945202,1,11:08,"PENALTY on IND-J.Taylor, False Start, 5 yards, enforced at KC 20 - No Play.",1,10,KC 20,20,0,Kansas City Chiefs,Indianapolis Colts,0,0,76.9,23.1,130.0,39.0,169.0,71.0,56.0,127.0,game,Total,Over,,56.5,betfair,-116,—,—,,0.0,,miss,,,,—,,
2026-09-21T01:35:17.907123+00:00,nfl,2026,2,401872945,401872945202,1,11:08,"PENALTY on IND-J.Taylor, False Start, 5 yards, enforced at KC 20 - No Play.",1,10,KC 20,20,0,Kansas City Chiefs,Indianapolis Colts,0,0,76.9,23.1,130.0,39.0,169.0,71.0,56.0,127.0,game,Total,Under,,56.5,betfair,102,—,—,,0.0,,hit,,,,—,,
2026-09-21T01:35:17.907123+00:00,nfl,2026,2,401872945,401872945202,1,11:08,"PENALTY on IND-J.Taylor, False Start, 5 yards, enforced at KC 20 - No Play.",1,10,KC 20,20,0,Kansas City Chiefs,Indianapolis Colts,0,0,76.9,23.1,130.0,39.0,169.0,71.0,56.0,127.0,game,ML,Kansas City Chiefs,,,polymarket,-301,—,—,,Loss,,miss,,,,—,,
2026-09-21T01:35:17.907123+00:00,nfl,2026,2,401872945,401872945235,1,10:54,(Shotgun) J.Taylor left end to KC 24 for 1 yard (C.Jones).,1,15,KC 25,25,0,Kansas City Chiefs,Indianapolis Colts,0,0,76.9,23.1,130.0,39.0,169.0,71.0,56.0,127.0,game,Total,Over,,56.5,betfair,-116,—,—,,0.0,,miss,,,,—,,
2026-09-21T01:35:17.907123+00:00,nfl,2026,2,401872945,401872945235,1,10:54,(Shotgun) J.Taylor left end to KC 24 for 1 yard (C.Jones).,1,15,KC 25,25,0,Kansas City Chiefs,Indianapolis Colts,0,0,76.9,23.1,130.0,39.0,169.0,71.0,56.0,127.0,game,Total,Under,,56.5,betfair,102,—,—,,0.0,,hit,,,,—,,
2026-09-21T01:35:17.907123+00:00,nfl,2026,2,401872945,401872945235,1,10:54,(Shotgun) J.Taylor left end to KC 24 for 1 yard (C.Jones).,1,15,KC 25,25,0,Kansas City Chiefs,Indianapolis Colts,0,0,76.9,23.1,130.0,39.0,169.0,71.0,56.0,127.0,game,ML,Kansas City Chiefs,,,polymarket,-301,—,—,,Loss,,miss,,,,—,,
2026-09-21T01:35:17.907123+00:00,nfl,2026,2,401872945,401872945257,1,10:15,(Shotgun) D.Jones pass short right to L.Treadwell to KC 14 for 10 yards (N.Williams).,2,14,KC 24,24,0,Kansas City Chiefs,Indianapolis Colts,0,0,76.9,23.1,130.0,39.0,169.0,71.0,56.0,127.0,game,Total,Over,,56.5,betfair,-116,—,—,,0.0,,miss,,,,—,,
2026-09-21T01:35:17.907123+00:00,nfl,2026,2,401872945,401872945257,1,10:15,(Shotgun) D.Jones pass short right to L.Treadwell to KC 14 for 10 yards (N.Williams).,2,14,KC 24,24,0,Kansas City Chiefs,Indianapolis Colts,0,0,76.9,23.1,130.0,39.0,169.0,71.0,56.0,127.0,game,Total,Under,,56.5,betfair,102,—,—,,0.0,,hit,,,,—,,
2026-09-21T01:35:17.907123+00:00,nfl,2026,2,401872945,401872945257,1,10:15,(Shotgun) D.Jones pass short right to L.Treadwell to KC 14 for 10 yards (N.Williams).,2,14,KC 24,24,0,Kansas City Chiefs,Indianapolis Colts,0,0,76.9,23.1,130.0,39.0,169.0,71.0,56.0,127.0,game,ML,Kansas City Chiefs,,,polymarket,-301,—,—,,Loss,,miss,,,,—,,
2026-09-21T01:35:17.907123+00:00,nfl,2026,2,401872945,401872945282,1,9:34,"(Shotgun) D.Jones pass short middle to J.Downs to KC 3 for 11 yards (L.Sneed).PENALTY on KC-J.Hicks, Roughing the Passer, 2 yards, enforced at KC 3.",3,4,KC 14,14,0,Kansas City Chiefs,Indianapolis Colts,0,0,76.9,23.1,130.0,39.0,169.0,71.0,56.0,127.0,game,Total,Over,,56.5,betfair,-116,—,—,,0.0,,miss,,,,—,,
2026-09-21T01:35:17.907123+00:00,nfl,2026,2,401872945,401872945282,1,9:34,"(Shotgun) D.Jones pass short middle to J.Downs to KC 3 for 11 yards (L.Sneed).PENALTY on KC-J.Hicks, Roughing the Passer, 2 yards, enforced at KC 3.",3,4,KC 14,14,0,Kansas City Chiefs,Indianapolis Colts,0,0,76.9,23.1,130.0,39.0,169.0,71.0,56.0,127.0,game,Total,Under,,56.5,betfair,102,—,—,,0.0,,hit,,,,—,,
2026-09-21T01:35:17.907123+00:00,nfl,2026,2,401872945,401872945282,1,9:34,"(Shotgun) D.Jones pass short middle to J.Downs to KC 3 for 11 yards (L.Sneed).PENALTY on KC-J.Hicks, Roughing the Passer, 2 yards, enforced at KC 3.",3,4,KC 14,14,0,Kansas City Chiefs,Indianapolis Colts,0,0,76.9,23.1,130.0,39.0,169.0,71.0,56.0,127.0,game,ML,Kansas City Chiefs,,,polymarket,-301,—,—,,Loss,,miss,,,,—,,
2026-09-21T01:35:17.907123+00:00,nfl,2026,2,401872945,401872945318,1,9:08,J.Taylor right tackle to KC 1 for no gain (D.Tranquill).,1,1,KC 1,1,0,Kansas City Chiefs,Indianapolis Colts,0,0,76.9,23.1,130.0,39.0,169.0,71.0,56.0,127.0,game,Total,Over,,56.5,betfair,-116,—,—,,0.0,,miss,,,,—,,
2026-09-21T01:35:17.907123+00:00,nfl,2026,2,401872945,401872945318,1,9:08,J.Taylor right tackle to KC 1 for no gain (D.Tranquill).,1,1,KC 1,1,0,Kansas City Chiefs,Indianapolis Colts,0,0,76.9,23.1,130.0,39.0,169.0,71.0,56.0,127.0,game,Total,Under,,56.5,betfair,102,—,—,,0.0,,hit,,,,—,,
2026-09-21T01:35:17.907123+00:00,nfl,2026,2,401872945,401872945318,1,9:08,J.Taylor right tackle to KC 1 for no gain (D.Tranquill).,1,1,KC 1,1,0,Kansas City Chiefs,Indianapolis Colts,0,0,76.9,23.1,130.0,39.0,169.0,71.0,56.0,127.0,game,ML,Kansas City Chiefs,,,polymarket,-301,—,—,,Loss,,miss,,,,—,,
2026-09-21T01:35:17.907123+00:00,nfl,2026,2,401872945,401872945374,1,8:25,Official Timeout at 08:25.,-1,1,KC 15,15,-7,Kansas City Chiefs,Indianapolis Colts,0,7,76.9,23.1,130.0,39.0,169.0,71.0,56.0,127.0,game,Total,Over,,56.5,betfair,-116,—,—,,7.0,,miss,,,,—,,
2026-09-21T01:35:17.907123+00:00,nfl,2026,2,401872945,401872945374,1,8:25,Official Timeout at 08:25.,-1,1,KC 15,15,-7,Kansas City Chiefs,Indianapolis Colts,0,7,76.9,23.1,130.0,39.0,169.0,71.0,56.0,127.0,game,Total,Under,,56.5,betfair,102,—,—,,7.0,,hit,,,,—,,
2026-09-21T01:35:17.907123+00:00,nfl,2026,2,401872945,401872945374,1,8:25,Official Timeout at 08:25.,-1,1,KC 15,15,-7,Kansas City Chiefs,Indianapolis Colts,0,7,76.9,23.1,130.0,39.0,169.0,71.0,56.0,127.0,game,ML,Kansas City Chiefs,,,polymarket,-301,—,—,,Loss,,miss,,,,—,,
2026-09-21T01:35:17.907123+00:00,nfl,2026,2,401872945,401872945340,1,8:25,"D.Jones pass short middle to T.Warren for 1 yard, TOUCHDOWN. S.Shrader extra point is GOOD, Center-L.Rhodes, Holder-R.Sanchez.",2,1,KC 1,1,-7,Kansas City Chiefs,Indianapolis Colts,0,7,76.9,23.1,130.0,39.0,169.0,71.0,56.0,127.0,game,Total,Over,,56.5,betfair,-116,—,—,,7.0,,miss,,,,—,,
2026-09-21T01:35:17.907123+00:00,nfl,2026,2,401872945,401872945340,1,8:25,"D.Jones pass short middle to T.Warren for 1 yard, TOUCHDOWN. S.Shrader extra point is GOOD, Center-L.Rhodes, Holder-R.Sanchez.",2,1,KC 1,1,-7,Kansas City Chiefs,Indianapolis Colts,0,7,76.9,23.1,130.0,39.0,169.0,71.0,56.0,127.0,game,Total,Under,,56.5,betfair,102,—,—,,7.0,,hit,,,,—,,
2026-09-21T01:35:17.907123+00:00,nfl,2026,2,401872945,401872945340,1,8:25,"D.Jones pass short middle to T.Warren for 1 yard, TOUCHDOWN. S.Shrader extra point is GOOD, Center-L.Rhodes, Holder-R.Sanchez.",2,1,KC 1,1,-7,Kansas City Chiefs,Indianapolis Colts,0,7,76.9,23.1,130.0,39.0,169.0,71.0,56.0,127.0,game,ML,Kansas City Chiefs,,,polymarket,-301,—,—,,Loss,,miss,,,,—,,
2026-09-21T01:35:17.907123+00:00,nfl,2026,2,401872945,401872945381,1,8:25,S.Shrader kicks 54 yards from IND 35 to KC 11. B.Smith to KC 36 for 25 yards (A.Ogletree).,2,1,IND 37,65,-7,Kansas City Chiefs,Indianapolis Colts,0,7,76.9,23.1,130.0,39.0,169.0,71.0,56.0,127.0,game,Total,Over,,56.5,betfair,-116,—,—,,7.0,,miss,,,,—,,
2026-09-21T01:35:17.907123+00:00,nfl,2026,2,401872945,401872945381,1,8:25,S.Shrader kicks 54 yards from IND 35 to KC 11. B.Smith to KC 36 for 25 yards (A.Ogletree).,2,1,IND 37,65,-7,Kansas City Chiefs,Indianapolis Colts,0,7,76.9,23.1,130.0,39.0,169.0,71.0,56.0,127.0,game,Total,Under,,56.5,betfair,102,—,—,,7.0,,hit,,,,—,,
2026-09-21T01:35:17.907123+00:00,nfl,2026,2,401872945,401872945381,1,8:25,S.Shrader kicks 54 yards from IND 35 to KC 11. B.Smith to KC 36 for 25 yards (A.Ogletree).,2,1,IND 37,65,-7,Kansas City Chiefs,Indianapolis Colts,0,7,76.9,23.1,130.0,39.0,169.0,71.0,56.0,127.0,game,ML,Kansas City Chiefs,,,polymarket,-301,—,—,,Loss,,miss,,,,—,,
2026-09-21T01:35:17.907123+00:00,nfl,2026,2,401872945,401872945411,1,8:20,K.Walker left guard ran ob at IND 45 for 19 yards (C.Ward).,1,10,KC 36,36,-7,Kansas City Chiefs,Indianapolis Colts,0,7,76.9,23.1,130.0,39.0,169.0,71.0,56.0,127.0,game,Total,Over,,56.5,betfair,-116,—,—,,7.0,,miss,,,,—,,
2026-09-21T01:35:17.907123+00:00,nfl,2026,2,401872945,401872945411,1,8:20,K.Walker left guard ran ob at IND 45 for 19 yards (C.Ward).,1,10,KC 36,36,-7,Kansas City Chiefs,Indianapolis Colts,0,7,76.9,23.1,130.0,39.0,169.0,71.0,56.0,127.0,game,Total,Under,,56.5,betfair,102,—,—,,7.0,,hit,,,,—,,
2026-09-21T01:35:17.907123+00:00,nfl,2026,2,401872945,401872945411,1,8:20,K.Walker left guard ran ob at IND 45 for 19 yards (C.Ward).,1,10,KC 36,36,-7,Kansas City Chiefs,Indianapolis Colts,0,7,76.9,23.1,130.0,39.0,169.0,71.0,56.0,127.0,game,ML,Kansas City Chiefs,,,polymarket,-301,—,—,,Loss,,miss,,,,—,,
2026-09-21T01:35:17.907123+00:00,nfl,2026,2,401872945,401872945438,1,7:43,P.Mahomes pass short middle to X.Worthy to IND 29 for 16 yards (A.Davis-Gaither).,1,10,IND 45,55,-7,Kansas City Chiefs,Indianapolis Colts,0,7,76.9,23.1,130.0,39.0,169.0,71.0,56.0,127.0,game,Total,Over,,56.5,betfair,-116,—,—,,7.0,,miss,,,,—,,
2026-09-21T01:35:17.907123+00:00,nfl,2026,2,401872945,401872945438,1,7:43,P.Mahomes pass short middle to X.Worthy to IND 29 for 16 yards (A.Davis-Gaither).,1,10,IND 45,55,-7,Kansas City Chiefs,Indianapolis Colts,0,7,76.9,23.1,130.0,39.0,169.0,71.0,56.0,127.0,game,Total,Under,,56.5,betfair,102,—,—,,7.0,,hit,,,,—,,
2026-09-21T01:35:17.907123+00:00,nfl,2026,2,401872945,401872945438,1,7:43,P.Mahomes pass short middle to X.Worthy to IND 29 for 16 yards (A.Davis-Gaither).,1,10,IND 45,55,-7,Kansas City Chiefs,Indianapolis Colts,0,7,76.9,23.1,130.0,39.0,169.0,71.0,56.0,127.0,game,ML,Kansas City Chiefs,,,polymarket,-301,—,—,,Loss,,miss,,,,—,,
2026-09-21T01:35:17.907123+00:00,nfl,2026,2,401872945,401872945463,1,7:01,K.Walker right guard to IND 28 for 1 yard (J.Walley; D.Buckner).,1,10,IND 29,71,-7,Kansas City Chiefs,Indianapolis Colts,0,7,76.9,23.1,130.0,39.0,169.0,71.0,56.0,127.0,game,Total,Over,,56.5,betfair,-116,—,—,,7.0,,miss,,,,—,,
2026-09-21T01:35:17.907123+00:00,nfl,2026,2,401872945,401872945463,1,7:01,K.Walker right guard to IND 28 for 1 yard (J.Walley; D.Buckner).,1,10,IND 29,71,-7,Kansas City Chiefs,Indianapolis Colts,0,7,76.9,23.1,130.0,39.0,169.0,71.0,56.0,127.0,game,Total,Under,,56.5,betfair,102,—,—,,7.0,,hit,,,,—,,
2026-09-21T01:35:17.907123+00:00,nfl,2026,2,401872945,401872945463,1,7:01,K.Walker right guard to IND 28 for 1 yard (J.Walley; D.Buckner).,1,10,IND 29,71,-7,Kansas City Chiefs,Indianapolis Colts,0,7,76.9,23.1,130.0,39.0,169.0,71.0,56.0,127.0,game,ML,Kansas City Chiefs,,,polymarket,-301,—,—,,Loss,,miss,,,,—,,
2026-09-21T01:35:17.907123+00:00,nfl,2026,2,401872945,401872945485,1,6:22,(Shotgun) P.Mahomes pass incomplete short middle to X.Worthy.,2,9,IND 28,72,-7,Kansas City Chiefs,Indianapolis Colts,0,7,76.9,23.1,130.0,39.0,169.0,71.0,56.0,127.0,game,Total,Over,,56.5,betfair,-116,—,—,,7.0,,miss,,,,—,,
2026-09-21T01:35:17.907123+00:00,nfl,2026,2,401872945,401872945485,1,6:22,(Shotgun) P.Mahomes pass incomplete short middle to X.Worthy.,2,9,IND 28,72,-7,Kansas City Chiefs,Indianapolis Colts,0,7,76.9,23.1,130.0,39.0,169.0,71.0,56.0,127.0,game,Total,Under,,56.5,betfair,102,—,—,,7.0,,hit,,,,—,,
2026-09-21T01:35:17.907123+00:00,nfl,2026,2,401872945,401872945485,1,6:22,(Shotgun) P.Mahomes pass incomplete short middle to X.Worthy.,2,9,IND 28,72,-7,Kansas City Chiefs,Indianapolis Colts,0,7,76.9,23.1,130.0,39.0,169.0,71.0,56.0,127.0,game,ML,Kansas City Chiefs,,,polymarket,-301,—,—,,Loss,,miss,,,,—,,
2026-09-21T01:35:17.907123+00:00,nfl,2026,2,401872945,401872945508,1,6:17,(Shotgun) P.Mahomes pass incomplete short left to K.Walker (J.Walley).,3,9,IND 28,72,-7,Kansas City Chiefs,Indianapolis Colts,0,7,76.9,23.1,130.0,39.0,169.0,71.0,56.0,127.0,game,Total,Over,,56.5,betfair,-116,—,—,,7.0,,miss,,,,—,,
2026-09-21T01:35:17.907123+00:00,nfl,2026,2,401872945,401872945508,1,6:17,(Shotgun) P.Mahomes pass incomplete short left to K.Walker (J.Walley).,3,9,IND 28,72,-7,Kansas City Chiefs,Indianapolis Colts,0,7,76.9,23.1,130.0,39.0,169.0,71.0,56.0,127.0,game,Total,Under,,56.5,betfair,102,—,—,,7.0,,hit,,,,—,,
2026-09-21T01:35:17.907123+00:00,nfl,2026,2,401872945,401872945508,1,6:17,(Shotgun) P.Mahomes pass incomplete short left to K.Walker (J.Walley).,3,9,IND 28,72,-7,Kansas City Chiefs,Indianapolis Colts,0,7,76.9,23.1,130.0,39.0,169.0,71.0,56.0,127.0,game,ML,Kansas City Chiefs,,,polymarket,-301,—,—,,Loss,,miss,,,,—,,
2026-09-21T01:35:17.907123+00:00,nfl,2026,2,401872945,401872945541,1,6:09,Official Timeout at 06:09.,-1,1,KC 35,35,-4,Kansas City Chiefs,Indianapolis Colts,3,7,76.9,23.1,130.0,39.0,169.0,71.0,56.0,127.0,game,Total,Over,,56.5,betfair,-116,—,—,,10.0,,miss,,,,—,,
2026-09-21T01:35:17.907123+00:00,nfl,2026,2,401872945,401872945541,1,6:09,Official Timeout at 06:09.,-1,1,KC 35,35,-4,Kansas City Chiefs,Indianapolis Colts,3,7,76.9,23.1,130.0,39.0,169.0,71.0,56.0,127.0,game,Total,Under,,56.5,betfair,102,—,—,,10.0,,hit,,,,—,,
2026-09-21T01:35:17.907123+00:00,nfl,2026,2,401872945,401872945541,1,6:09,Official Timeout at 06:09.,-1,1,KC 35,35,-4,Kansas City Chiefs,Indianapolis Colts,3,7,76.9,23.1,130.0,39.0,169.0,71.0,56.0,127.0,game,ML,Kansas City Chiefs,,,polymarket,-301,—,—,,Loss,,miss,,,,—,,
2026-09-21T01:35:17.907123+00:00,nfl,2026,2,401872945,401872945531,1,6:09,"H.Butker 46 yard field goal is GOOD, Center-J.Winchester, Holder-M.Araiza.",4,9,IND 28,72,-4,Kansas City Chiefs,Indianapolis Colts,3,7,76.9,23.1,130.0,39.0,169.0,71.0,56.0,127.0,game,Total,Over,,56.5,betfair,-116,—,—,,10.0,,miss,,,,—,,
2026-09-21T01:35:17.907123+00:00,nfl,2026,2,401872945,401872945531,1,6:09,"H.Butker 46 yard field goal is GOOD, Center-J.Winchester, Holder-M.Araiza.",4,9,IND 28,72,-4,Kansas City Chiefs,Indianapolis Colts,3,7,76.9,23.1,130.0,39.0,169.0,71.0,56.0,127.0,game,Total,Under,,56.5,betfair,102,—,—,,10.0,,hit,,,,—,,
2026-09-21T01:35:17.907123+00:00,nfl,2026,2,401872945,401872945531,1,6:09,"H.Butker 46 yard field goal is GOOD, Center-J.Winchester, Holder-M.Araiza.",4,9,IND 28,72,-4,Kansas City Chiefs,Indianapolis Colts,3,7,76.9,23.1,130.0,39.0,169.0,71.0,56.0,127.0,game,ML,Kansas City Chiefs,,,polymarket,-301,—,—,,Loss,,miss,,,,—,,
2026-09-21T01:35:17.907123+00:00,nfl,2026,2,401872945,401872945551,1,6:09,"H.Butker kicks 65 yards from KC 35 to IND 0. S.McGowan to IND 27 for 27 yards (E.Johnson).PENALTY on IND-J.Tuimoloau, Illegal Block Above the Waist, 10 yards, enforced at IND 20.",2,1,IND 37,35,-4,Kansas City Chiefs,Indianapolis Colts,3,7,76.9,23.1,130.0,39.0,169.0,71.0,56.0,127.0,game,Total,Over,,56.5,betfair,-116,—,—,,10.0,,miss,,,,—,,
2026-09-21T01:35:17.907123+00:00,nfl,2026,2,401872945,401872945551,1,6:09,"H.Butker kicks 65 yards from KC 35 to IND 0. S.McGowan to IND 27 for 27 yards (E.Johnson).PENALTY on IND-J.Tuimoloau, Illegal Block Above the Waist, 10 yards, enforced at IND 20.",2,1,IND 37,35,-4,Kansas City Chiefs,Indianapolis Colts,3,7,76.9,23.1,130.0,39.0,169.0,71.0,56.0,127.0,game,Total,Under,,56.5,betfair,102,—,—,,10.0,,hit,,,,—,,
2026-09-21T01:35:17.907123+00:00,nfl,2026,2,401872945,401872945551,1,6:09,"H.Butker kicks 65 yards from KC 35 to IND 0. S.McGowan to IND 27 for 27 yards (E.Johnson).PENALTY on IND-J.Tuimoloau, Illegal Block Above the Waist, 10 yards, enforced at IND 20.",2,1,IND 37,35,-4,Kansas City Chiefs,Indianapolis Colts,3,7,76.9,23.1,130.0,39.0,169.0,71.0,56.0,127.0,game,ML,Kansas City Chiefs,,,polymarket,-301,—,—,,Loss,,miss,,,,—,,
2026-09-21T01:35:17.907123+00:00,nfl,2026,2,401872945,401872945592,1,6:03,J.Taylor right end to IND 14 for 4 yards (N.Bolton).,1,10,IND 10,90,-4,Kansas City Chiefs,Indianapolis Colts,3,7,76.9,23.1,130.0,39.0,169.0,71.0,56.0,127.0,game,Total,Over,,56.5,betfair,-116,—,—,,10.0,,miss,,,,—,,
2026-09-21T01:35:17.907123+00:00,nfl,2026,2,401872945,401872945592,1,6:03,J.Taylor right end to IND 14 for 4 yards (N.Bolton).,1,10,IND 10,90,-4,Kansas City Chiefs,Indianapolis Colts,3,7,76.9,23.1,130.0,39.0,169.0,71.0,56.0,127.0,game,Total,Under,,56.5,betfair,102,—,—,,10.0,,hit,,,,—,,
2026-09-21T01:35:17.907123+00:00,nfl,2026,2,401872945,401872945592,1,6:03,J.Taylor right end to IND 14 for 4 yards (N.Bolton).,1,10,IND 10,90,-4,Kansas City Chiefs,Indianapolis Colts,3,7,76.9,23.1,130.0,39.0,169.0,71.0,56.0,127.0,game,ML,Kansas City Chiefs,,,polymarket,-301,—,—,,Loss,,miss,,,,—,,
2026-09-21T01:35:17.907123+00:00,nfl,2026,2,401872945,401872945614,1,5:25,(Shotgun) D.Jones pass short left intended for K.Allen INTERCEPTED by K.Fulton at IND 16. K.Fulton to IND 16 for no gain.,2,6,IND 14,86,-4,Kansas City Chiefs,Indianapolis Colts,3,7,76.9,23.1,130.0,39.0,169.0,71.0,56.0,127.0,game,Total,Over,,56.5,betfair,-116,—,—,,10.0,,miss,,,,—,,
2026-09-21T01:35:17.907123+00:00,nfl,2026,2,401872945,401872945614,1,5:25,(Shotgun) D.Jones pass short left intended for K.Allen INTERCEPTED by K.Fulton at IND 16. K.Fulton to IND 16 for no gain.,2,6,IND 14,86,-4,Kansas City Chiefs,Indianapolis Colts,3,7,76.9,23.1,130.0,39.0,169.0,71.0,56.0,127.0,game,Total,Under,,56.5,betfair,102,—,—,,10.0,,hit,,,,—,,
2026-09-21T01:35:17.907123+00:00,nfl,2026,2,401872945,401872945614,1,5:25,(Shotgun) D.Jones pass short left intended for K.Allen INTERCEPTED by K.Fulton at IND 16. K.Fulton to IND 16 for no gain.,2,6,IND 14,86,-4,Kansas City Chiefs,Indianapolis Colts,3,7,76.9,23.1,130.0,39.0,169.0,71.0,56.0,127.0,game,ML,Kansas City Chiefs,,,polymarket,-301,—,—,,Loss,,miss,,,,—,,
2026-09-21T01:35:17.907123+00:00,nfl,2026,2,401872945,401872945641,1,5:18,(Shotgun) K.Walker up the middle to IND 13 for 3 yards (A.Davis-Gaither; G.Stewart).,1,10,IND 16,84,-4,Kansas City Chiefs,Indianapolis Colts,3,7,76.9,23.1,130.0,39.0,169.0,71.0,56.0,127.0,game,Total,Over,,56.5,betfair,-116,—,—,,10.0,,miss,,,,—,,
2026-09-21T01:35:17.907123+00:00,nfl,2026,2,401872945,401872945641,1,5:18,(Shotgun) K.Walker up the middle to IND 13 for 3 yards (A.Davis-Gaither; G.Stewart).,1,10,IND 16,84,-4,Kansas City Chiefs,Indianapolis Colts,3,7,76.9,23.1,130.0,39.0,169.0,71.0,56.0,127.0,game,Total,Under,,56.5,betfair,102,—,—,,10.0,,hit,,,,—,,
2026-09-21T01:35:17.907123+00:00,nfl,2026,2,401872945,401872945641,1,5:18,(Shotgun) K.Walker up the middle to IND 13 for 3 yards (A.Davis-Gaither; G.Stewart).,1,10,IND 16,84,-4,Kansas City Chiefs,Indianapolis Colts,3,7,76.9,23.1,130.0,39.0,169.0,71.0,56.0,127.0,game,ML,Kansas City Chiefs,,,polymarket,-301,—,—,,Loss,,miss,,,,—,,
2026-09-21T01:35:17.907123+00:00,nfl,2026,2,401872945,401872945697,1,4:34,Official Timeout at 04:34.,-1,1,IND 15,85,3,Kansas City Chiefs,Indianapolis Colts,10,7,76.9,23.1,130.0,39.0,169.0,71.0,56.0,127.0,game,Total,Over,,56.5,betfair,-116,—,—,,17.0,,miss,,,,—,,
2026-09-21T01:35:17.907123+00:00,nfl,2026,2,401872945,401872945697,1,4:34,Official Timeout at 04:34.,-1,1,IND 15,85,3,Kansas City Chiefs,Indianapolis Colts,10,7,76.9,23.1,130.0,39.0,169.0,71.0,56.0,127.0,game,Total,Under,,56.5,betfair,102,—,—,,17.0,,hit,,,,—,,
2026-09-21T01:35:17.907123+00:00,nfl,2026,2,401872945,401872945697,1,4:34,Official Timeout at 04:34.,-1,1,IND 15,85,3,Kansas City Chiefs,Indianapolis Colts,10,7,76.9,23.1,130.0,39.0,169.0,71.0,56.0,127.0,game,ML,Kansas City Chiefs,,,polymarket,-301,—,—,,Win,,hit,,,,—,,
2026-09-21T01:35:17.907123+00:00,nfl,2026,2,401872945,401872945663,1,4:34,"(Shotgun) P.Mahomes pass short right to T.Kelce for 13 yards, TOUCHDOWN. H.Butker extra point is GOOD, Center-J.Winchester, Holder-M.Araiza.",2,7,IND 13,87,3,Kansas City Chiefs,Indianapolis Colts,10,7,76.9,23.1,130.0,39.0,169.0,71.0,56.0,127.0,game,Total,Over,,56.5,betfair,-116,—,—,,17.0,,miss,,,,—,,
2026-09-21T01:35:17.907123+00:00,nfl,2026,2,401872945,401872945663,1,4:34,"(Shotgun) P.Mahomes pass short right to T.Kelce for 13 yards, TOUCHDOWN. H.Butker extra point is GOOD, Center-J.Winchester, Holder-M.Araiza.",2,7,IND 13,87,3,Kansas City Chiefs,Indianapolis Colts,10,7,76.9,23.1,130.0,39.0,169.0,71.0,56.0,127.0,game,Total,Under,,56.5,betfair,102,—,—,,17.0,,hit,,,,—,,
2026-09-21T01:35:17.907123+00:00,nfl,2026,2,401872945,401872945663,1,4:34,"(Shotgun) P.Mahomes pass short right to T.Kelce for 13 yards, TOUCHDOWN. H.Butker extra point is GOOD, Center-J.Winchester, Holder-M.Araiza.",2,7,IND 13,87,3,Kansas City Chiefs,Indianapolis Colts,10,7,76.9,23.1,130.0,39.0,169.0,71.0,56.0,127.0,game,ML,Kansas City Chiefs,,,polymarket,-301,—,—,,Win,,hit,,,,—,,
2026-09-21T01:35:17.907123+00:00,nfl,2026,2,401872945,401872945704,1,4:34,H.Butker kicks 61 yards from KC 35 to IND 4. S.McGowan to IND 42 for 38 yards (J.Canady; H.Butker).,2,1,IND 37,35,3,Kansas City Chiefs,Indianapolis Colts,10,7,76.9,23.1,130.0,39.0,169.0,71.0,56.0,127.0,game,Total,Over,,56.5,betfair,-116,—,—,,17.0,,miss,,,,—,,
2026-09-21T01:35:17.907123+00:00,nfl,2026,2,401872945,401872945704,1,4:34,H.Butker kicks 61 yards from KC 35 to IND 4. S.McGowan to IND 42 for 38 yards (J.Canady; H.Butker).,2,1,IND 37,35,3,Kansas City Chiefs,Indianapolis Colts,10,7,76.9,23.1,130.0,39.0,169.0,71.0,56.0,127.0,game,Total,Under,,56.5,betfair,102,—,—,,17.0,,hit,,,,—,,
2026-09-21T01:35:17.907123+00:00,nfl,2026,2,401872945,401872945704,1,4:34,H.Butker kicks 61 yards from KC 35 to IND 4. S.McGowan to IND 42 for 38 yards (J.Canady; H.Butker).,2,1,IND 37,35,3,Kansas City Chiefs,Indianapolis Colts,10,7,76.9,23.1,130.0,39.0,169.0,71.0,56.0,127.0,game,ML,Kansas City Chiefs,,,polymarket,-301,—,—,,Win,,hit,,,,—,,
2026-09-21T01:35:17.907123+00:00,nfl,2026,2,401872945,401872945734,1,4:27,J.Taylor right end to IND 46 for 4 yards (N.Williams).,1,10,IND 42,58,3,Kansas City Chiefs,Indianapolis Colts,10,7,76.9,23.1,130.0,39.0,169.0,71.0,56.0,127.0,game,Total,Over,,56.5,betfair,-116,—,—,,17.0,,miss,,,,—,,
2026-09-21T01:35:17.907123+00:00,nfl,2026,2,401872945,401872945734,1,4:27,J.Taylor right end to IND 46 for 4 yards (N.Williams).,1,10,IND 42,58,3,Kansas City Chiefs,Indianapolis Colts,10,7,76.9,23.1,130.0,39.0,169.0,71.0,56.0,127.0,game,Total,Under,,56.5,betfair,102,—,—,,17.0,,hit,,,,—,,
2026-09-21T01:35:17.907123+00:00,nfl,2026,2,401872945,401872945734,1,4:27,J.Taylor right end to IND 46 for 4 yards (N.Williams).,1,10,IND 42,58,3,Kansas City Chiefs,Indianapolis Colts,10,7,76.9,23.1,130.0,39.0,169.0,71.0,56.0,127.0,game,ML,Kansas City Chiefs,,,polymarket,-301,—,—,,Win,,hit,,,,—,,
2026-09-21T01:35:17.907123+00:00,nfl,2026,2,401872945,401872945756,1,3:49,(Shotgun) D.Jones pass short left to T.Warren pushed ob at IND 49 for 3 yards (N.Bolton; A.Gilman).,2,6,IND 46,54,3,Kansas City Chiefs,Indianapolis Colts,10,7,76.9,23.1,130.0,39.0,169.0,71.0,56.0,127.0,game,Total,Over,,56.5,betfair,-116,—,—,,17.0,,miss,,,,—,,
2026-09-21T01:35:17.907123+00:00,nfl,2026,2,401872945,401872945756,1,3:49,(Shotgun) D.Jones pass short left to T.Warren pushed ob at IND 49 for 3 yards (N.Bolton; A.Gilman).,2,6,IND 46,54,3,Kansas City Chiefs,Indianapolis Colts,10,7,76.9,23.1,130.0,39.0,169.0,71.0,56.0,127.0,game,Total,Under,,56.5,betfair,102,—,—,,17.0,,hit,,,,—,,
2026-09-21T01:35:17.907123+00:00,nfl,2026,2,401872945,401872945756,1,3:49,(Shotgun) D.Jones pass short left to T.Warren pushed ob at IND 49 for 3 yards (N.Bolton; A.Gilman).,2,6,IND 46,54,3,Kansas City Chiefs,Indianapolis Colts,10,7,76.9,23.1,130.0,39.0,169.0,71.0,56.0,127.0,game,ML,Kansas City Chiefs,,,polymarket,-301,—,—,,Win,,hit,,,,—,,
2026-09-21T01:35:17.907123+00:00,nfl,2026,2,401872945,401872945786,1,3:12,(Shotgun) D.Jones scrambles right end pushed ob at KC 49 for 2 yards (L.Sneed; N.Bolton).,3,3,IND 49,51,3,Kansas City Chiefs,Indianapolis Colts,10,7,76.9,23.1,130.0,39.0,169.0,71.0,56.0,127.0,game,Total,Over,,56.5,betfair,-116,—,—,,17.0,,miss,,,,—,,
2026-09-21T01:35:17.907123+00:00,nfl,2026,2,401872945,401872945786,1,3:12,(Shotgun) D.Jones scrambles right end pushed ob at KC 49 for 2 yards (L.Sneed; N.Bolton).,3,3,IND 49,51,3,Kansas City Chiefs,Indianapolis Colts,10,7,76.9,23.1,130.0,39.0,169.0,71.0,56.0,127.0,game,Total,Under,,56.5,betfair,102,—,—,,17.0,,hit,,,,—,,
2026-09-21T01:35:17.907123+00:00,nfl,2026,2,401872945,401872945786,1,3:12,(Shotgun) D.Jones scrambles right end pushed ob at KC 49 for 2 yards (L.Sneed; N.Bolton).,3,3,IND 49,51,3,Kansas City Chiefs,Indianapolis Colts,10,7,76.9,23.1,130.0,39.0,169.0,71.0,56.0,127.0,game,ML,Kansas City Chiefs,,,polymarket,-301,—,—,,Win,,hit,,,,—,,
2026-09-21T01:35:17.907123+00:00,nfl,2026,2,401872945,401872945800,1,2:27,Timeout #1 by IND at 02:27.,4,1,KC 49,49,3,Kansas City Chiefs,Indianapolis Colts,10,7,76.9,23.1,130.0,39.0,169.0,71.0,56.0,127.0,game,Total,Over,,56.5,betfair,-116,—,—,,17.0,,miss,,,,—,,
2026-09-21T01:35:17.907123+00:00,nfl,2026,2,401872945,401872945800,1,2:27,Timeout #1 by IND at 02:27.,4,1,KC 49,49,3,Kansas City Chiefs,Indianapolis Colts,10,7,76.9,23.1,130.0,39.0,169.0,71.0,56.0,127.0,game,Total,Under,,56.5,betfair,102,—,—,,17.0,,hit,,,,—,,
2026-09-21T01:35:17.907123+00:00,nfl,2026,2,401872945,401872945800,1,2:27,Timeout #1 by IND at 02:27.,4,1,KC 49,49,3,Kansas City Chiefs,Indianapolis Colts,10,7,76.9,23.1,130.0,39.0,169.0,71.0,56.0,127.0,game,ML,Kansas City Chiefs,,,polymarket,-301,—,—,,Win,,hit,,,,—,,
2026-09-21T01:35:17.907123+00:00,nfl,2026,2,401872945,401872945813,1,2:27,L.Tenuta reported in as eligible.  J.Taylor left guard to KC 46 for 3 yards (C.Jones).,4,1,KC 49,49,3,Kansas City Chiefs,Indianapolis Colts,10,7,76.9,23.1,130.0,39.0,169.0,71.0,56.0,127.0,game,Total,Over,,56.5,betfair,-116,—,—,,17.0,,miss,,,,—,,
2026-09-21T01:35:17.907123+00:00,nfl,2026,2,401872945,401872945813,1,2:27,L.Tenuta reported in as eligible.  J.Taylor left guard to KC 46 for 3 yards (C.Jones).,4,1,KC 49,49,3,Kansas City Chiefs,Indianapolis Colts,10,7,76.9,23.1,130.0,39.0,169.0,71.0,56.0,127.0,game,Total,Under,,56.5,betfair,102,—,—,,17.0,,hit,,,,—,,
2026-09-21T01:35:17.907123+00:00,nfl,2026,2,401872945,401872945813,1,2:27,L.Tenuta reported in as eligible.  J.Taylor left guard to KC 46 for 3 yards (C.Jones).,4,1,KC 49,49,3,Kansas City Chiefs,Indianapolis Colts,10,7,76.9,23.1,130.0,39.0,169.0,71.0,56.0,127.0,game,ML,Kansas City Chiefs,,,polymarket,-301,—,—,,Win,,hit,,,,—,,
2026-09-21T01:35:17.907123+00:00,nfl,2026,2,401872945,401872945846,1,1:45,(Shotgun) D.Jones pass incomplete short right to A.Ogletree (D.Tranquill).,1,10,KC 46,46,3,Kansas City Chiefs,Indianapolis Colts,10,7,76.9,23.1,130.0,39.0,169.0,71.0,56.0,127.0,game,Total,Over,,56.5,betfair,-116,—,—,,17.0,,miss,,,,—,,
2026-09-21T01:35:17.907123+00:00,nfl,2026,2,401872945,401872945846,1,1:45,(Shotgun) D.Jones pass incomplete short right to A.Ogletree (D.Tranquill).,1,10,KC 46,46,3,Kansas City Chiefs,Indianapolis Colts,10,7,76.9,23.1,130.0,39.0,169.0,71.0,56.0,127.0,game,Total,Under,,56.5,betfair,102,—,—,,17.0,,hit,,,,—,,
2026-09-21T01:35:17.907123+00:00,nfl,2026,2,401872945,401872945846,1,1:45,(Shotgun) D.Jones pass incomplete short right to A.Ogletree (D.Tranquill).,1,10,KC 46,46,3,Kansas City Chiefs,Indianapolis Colts,10,7,76.9,23.1,130.0,39.0,169.0,71.0,56.0,127.0,game,ML,Kansas City Chiefs,,,polymarket,-301,—,—,,Win,,hit,,,,—,,
2026-09-21T01:35:17.907123+00:00,nfl,2026,2,401872945,401872945869,1,1:38,(Shotgun) D.Jones pass short right to J.Downs to KC 32 for 14 yards (C.Roland-Wallace).,2,10,KC 46,46,3,Kansas City Chiefs,Indianapolis Colts,10,7,76.9,23.1,130.0,39.0,169.0,71.0,56.0,127.0,game,Total,Over,,56.5,betfair,-116,—,—,,17.0,,miss,,,,—,,
2026-09-21T01:35:17.907123+00:00,nfl,2026,2,401872945,401872945869,1,1:38,(Shotgun) D.Jones pass short right to J.Downs to KC 32 for 14 yards (C.Roland-Wallace).,2,10,KC 46,46,3,Kansas City Chiefs,Indianapolis Colts,10,7,76.9,23.1,130.0,39.0,169.0,71.0,56.0,127.0,game,Total,Under,,56.5,betfair,102,—,—,,17.0,,hit,,,,—,,
2026-09-21T01:35:17.907123+00:00,nfl,2026,2,401872945,401872945869,1,1:38,(Shotgun) D.Jones pass short right to J.Downs to KC 32 for 14 yards (C.Roland-Wallace).,2,10,KC 46,46,3,Kansas City Chiefs,Indianapolis Colts,10,7,76.9,23.1,130.0,39.0,169.0,71.0,56.0,127.0,game,ML,Kansas City Chiefs,,,polymarket,-301,—,—,,Win,,hit,,,,—,,
2026-09-21T01:35:17.907123+00:00,nfl,2026,2,401872945,401872945894,1,0:55,J.Taylor up the middle to KC 22 for 10 yards (J.Hicks; N.Bolton).,1,10,KC 32,32,3,Kansas City Chiefs,Indianapolis Colts,10,7,76.9,23.1,130.0,39.0,169.0,71.0,56.0,127.0,game,Total,Over,,56.5,betfair,-116,—,—,,17.0,,miss,,,,—,,
2026-09-21T01:35:17.907123+00:00,nfl,2026,2,401872945,401872945894,1,0:55,J.Taylor up the middle to KC 22 for 10 yards (J.Hicks; N.Bolton).,1,10,KC 32,32,3,Kansas City Chiefs,Indianapolis Colts,10,7,76.9,23.1,130.0,39.0,169.0,71.0,56.0,127.0,game,Total,Under,,56.5,betfair,102,—,—,,17.0,,hit,,,,—,,
2026-09-21T01:35:17.907123+00:00,nfl,2026,2,401872945,401872945894,1,0:55,J.Taylor up the middle to KC 22 for 10 yards (J.Hicks; N.Bolton).,1,10,KC 32,32,3,Kansas City Chiefs,Indianapolis Colts,10,7,76.9,23.1,130.0,39.0,169.0,71.0,56.0,127.0,game,ML,Kansas City Chiefs,,,polymarket,-301,—,—,,Win,,hit,,,,—,,
2026-09-21T01:35:17.907123+00:00,nfl,2026,2,401872945,401872945916,1,0:17,J.Taylor right end to KC 24 for -2 yards (J.Cochrane).,1,10,KC 22,22,3,Kansas City Chiefs,Indianapolis Colts,10,7,76.9,23.1,130.0,39.0,169.0,71.0,56.0,127.0,game,Total,Over,,56.5,betfair,-116,—,—,,17.0,,miss,,,,—,,
2026-09-21T01:35:17.907123+00:00,nfl,2026,2,401872945,401872945916,1,0:17,J.Taylor right end to KC 24 for -2 yards (J.Cochrane).,1,10,KC 22,22,3,Kansas City Chiefs,Indianapolis Colts,10,7,76.9,23.1,130.0,39.0,169.0,71.0,56.0,127.0,game,Total,Under,,56.5,betfair,102,—,—,,17.0,,hit,,,,—,,
2026-09-21T01:35:17.907123+00:00,nfl,2026,2,401872945,401872945916,1,0:17,J.Taylor right end to KC 24 for -2 yards (J.Cochrane).,1,10,KC 22,22,3,Kansas City Chiefs,Indianapolis Colts,10,7,76.9,23.1,130.0,39.0,169.0,71.0,56.0,127.0,game,ML,Kansas City Chiefs,,,polymarket,-301,—,—,,Win,,hit,,,,—,,
2026-09-21T01:35:17.907123+00:00,nfl,2026,2,401872945,401872945938,1,0:00,END QUARTER 1,2,13,IND 37,24,3,Kansas City Chiefs,Indianapolis Colts,10,7,76.9,23.1,130.0,39.0,169.0,71.0,56.0,127.0,game,Total,Over,,56.5,betfair,-116,—,—,,17.0,,miss,,,,—,,
2026-09-21T01:35:17.907123+00:00,nfl,2026,2,401872945,401872945938,1,0:00,END QUARTER 1,2,13,IND 37,24,3,Kansas City Chiefs,Indianapolis Colts,10,7,76.9,23.1,130.0,39.0,169.0,71.0,56.0,127.0,game,Total,Under,,56.5,betfair,102,—,—,,17.0,,hit,,,,—,,
2026-09-21T01:35:17.907123+00:00,nfl,2026,2,401872945,401872945938,1,0:00,END QUARTER 1,2,13,IND 37,24,3,Kansas City Chiefs,Indianapolis Colts,10,7,76.9,23.1,130.0,39.0,169.0,71.0,56.0,127.0,game,ML,Kansas City Chiefs,,,polymarket,-301,—,—,,Win,,hit,,,,—,,
2026-09-21T01:35:17.907123+00:00,nfl,2026,2,401872945,401872945958,2,15:00,(Shotgun) D.Jones pass incomplete short left to J.Downs (L.Sneed).,2,12,KC 24,24,3,Kansas City Chiefs,Indianapolis Colts,10,7,76.9,23.1,130.0,39.0,169.0,71.0,56.0,127.0,game,Total,Over,,56.5,betfair,-116,—,—,,17.0,,miss,,,,—,,
2026-09-21T01:35:17.907123+00:00,nfl,2026,2,401872945,401872945958,2,15:00,(Shotgun) D.Jones pass incomplete short left to J.Downs (L.Sneed).,2,12,KC 24,24,3,Kansas City Chiefs,Indianapolis Colts,10,7,76.9,23.1,130.0,39.0,169.0,71.0,56.0,127.0,game,Total,Under,,56.5,betfair,102,—,—,,17.0,,hit,,,,—,,
2026-09-21T01:35:17.907123+00:00,nfl,2026,2,401872945,401872945958,2,15:00,(Shotgun) D.Jones pass incomplete short left to J.Downs (L.Sneed).,2,12,KC 24,24,3,Kansas City Chiefs,Indianapolis Colts,10,7,76.9,23.1,130.0,39.0,169.0,71.0,56.0,127.0,game,ML,Kansas City Chiefs,,,polymarket,-301,—,—,,Win,,hit,,,,—,,
2026-09-21T01:35:17.907123+00:00,nfl,2026,2,401872945,401872945981,2,14:57,(Shotgun) D.Jones pass incomplete short left to K.Allen (A.Gilman).,3,12,KC 24,24,3,Kansas City Chiefs,Indianapolis Colts,10,7,76.9,23.1,130.0,39.0,169.0,71.0,56.0,127.0,game,Total,Over,,56.5,betfair,-116,—,—,,17.0,,miss,,,,—,,
2026-09-21T01:35:17.907123+00:00,nfl,2026,2,401872945,401872945981,2,14:57,(Shotgun) D.Jones pass incomplete short left to K.Allen (A.Gilman).,3,12,KC 24,24,3,Kansas City Chiefs,Indianapolis Colts,10,7,76.9,23.1,130.0,39.0,169.0,71.0,56.0,127.0,game,Total,Under,,56.5,betfair,102,—,—,,17.0,,hit,,,,—,,
2026-09-21T01:35:17.907123+00:00,nfl,2026,2,401872945,401872945981,2,14:57,(Shotgun) D.Jones pass incomplete short left to K.Allen (A.Gilman).,3,12,KC 24,24,3,Kansas City Chiefs,Indianapolis Colts,10,7,76.9,23.1,130.0,39.0,169.0,71.0,56.0,127.0,game,ML,Kansas City Chiefs,,,polymarket,-301,—,—,,Win,,hit,,,,—,,
2026-09-21T01:35:17.907123+00:00,nfl,2026,2,401872945,4018729451004,2,14:48,"S.Shrader 42 yard field goal is GOOD, Center-L.Rhodes, Holder-R.Sanchez.",4,12,KC 24,24,0,Kansas City Chiefs,Indianapolis Colts,10,10,76.9,23.1,130.0,39.0,169.0,71.0,56.0,127.0,game,Total,Over,,56.5,betfair,-116,—,—,,20.0,,miss,,,,—,,
2026-09-21T01:35:17.907123+00:00,nfl,2026,2,401872945,4018729451004,2,14:48,"S.Shrader 42 yard field goal is GOOD, Center-L.Rhodes, Holder-R.Sanchez.",4,12,KC 24,24,0,Kansas City Chiefs,Indianapolis Colts,10,10,76.9,23.1,130.0,39.0,169.0,71.0,56.0,127.0,game,Total,Under,,56.5,betfair,102,—,—,,20.0,,hit,,,,—,,
2026-09-21T01:35:17.907123+00:00,nfl,2026,2,401872945,4018729451004,2,14:48,"S.Shrader 42 yard field goal is GOOD, Center-L.Rhodes, Holder-R.Sanchez.",4,12,KC 24,24,0,Kansas City Chiefs,Indianapolis Colts,10,10,76.9,23.1,130.0,39.0,169.0,71.0,56.0,127.0,game,ML,Kansas City Chiefs,,,polymarket,-301,—,—,,Loss,,miss,,,,—,,
2026-09-21T01:35:17.907123+00:00,nfl,2026,2,401872945,4018729451024,2,14:48,"S.Shrader kicks 64 yards from IND 35 to KC 1. E.Johnson pushed ob at KC 35 for 34 yards (T.Chambers).PENALTY on KC-C.Roland-Wallace, Illegal Formation, 5 yards, enforced at KC 35.",2,1,IND 37,65,0,Kansas City Chiefs,Indianapolis Colts,10,10,76.9,23.1,130.0,39.0,169.0,71.0,56.0,127.0,game,Total,Over,,56.5,betfair,-116,—,—,,20.0,,miss,,,,—,,
2026-09-21T01:35:17.907123+00:00,nfl,2026,2,401872945,4018729451024,2,14:48,"S.Shrader kicks 64 yards from IND 35 to KC 1. E.Johnson pushed ob at KC 35 for 34 yards (T.Chambers).PENALTY on KC-C.Roland-Wallace, Illegal Formation, 5 yards, enforced at KC 35.",2,1,IND 37,65,0,Kansas City Chiefs,Indianapolis Colts,10,10,76.9,23.1,130.0,39.0,169.0,71.0,56.0,127.0,game,Total,Under,,56.5,betfair,102,—,—,,20.0,,hit,,,,—,,
2026-09-21T01:35:17.907123+00:00,nfl,2026,2,401872945,4018729451024,2,14:48,"S.Shrader kicks 64 yards from IND 35 to KC 1. E.Johnson pushed ob at KC 35 for 34 yards (T.Chambers).PENALTY on KC-C.Roland-Wallace, Illegal Formation, 5 yards, enforced at KC 35.",2,1,IND 37,65,0,Kansas City Chiefs,Indianapolis Colts,10,10,76.9,23.1,130.0,39.0,169.0,71.0,56.0,127.0,game,ML,Kansas City Chiefs,,,polymarket,-301,—,—,,Loss,,miss,,,,—,,
2026-09-21T01:35:17.907123+00:00,nfl,2026,2,401872945,4018729451063,2,14:43,P.Mahomes pass short right to R.Rice to IND 40 for 30 yards (A.Gardner).,1,10,KC 30,30,0,Kansas City Chiefs,Indianapolis Colts,10,10,76.9,23.1,130.0,39.0,169.0,71.0,56.0,127.0,game,Total,Over,,56.5,betfair,-116,—,—,,20.0,,miss,,,,—,,
2026-09-21T01:35:17.907123+00:00,nfl,2026,2,401872945,4018729451063,2,14:43,P.Mahomes pass short right to R.Rice to IND 40 for 30 yards (A.Gardner).,1,10,KC 30,30,0,Kansas City Chiefs,Indianapolis Colts,10,10,76.9,23.1,130.0,39.0,169.0,71.0,56.0,127.0,game,Total,Under,,56.5,betfair,102,—,—,,20.0,,hit,,,,—,,
2026-09-21T01:35:17.907123+00:00,nfl,2026,2,401872945,4018729451063,2,14:43,P.Mahomes pass short right to R.Rice to IND 40 for 30 yards (A.Gardner).,1,10,KC 30,30,0,Kansas City Chiefs,Indianapolis Colts,10,10,76.9,23.1,130.0,39.0,169.0,71.0,56.0,127.0,game,ML,Kansas City Chiefs,,,polymarket,-301,—,—,,Loss,,miss,,,,—,,
2026-09-21T01:35:17.907123+00:00,nfl,2026,2,401872945,4018729451088,2,14:07,(Shotgun) K.Walker up the middle to IND 39 for 1 yard (D.Buckner; J.Tillery).,1,10,IND 40,60,0,Kansas City Chiefs,Indianapolis Colts,10,10,76.9,23.1,130.0,39.0,169.0,71.0,56.0,127.0,game,Total,Over,,56.5,betfair,-116,—,—,,20.0,,miss,,,,—,,
2026-09-21T01:35:17.907123+00:00,nfl,2026,2,401872945,4018729451088,2,14:07,(Shotgun) K.Walker up the middle to IND 39 for 1 yard (D.Buckner; J.Tillery).,1,10,IND 40,60,0,Kansas City Chiefs,Indianapolis Colts,10,10,76.9,23.1,130.0,39.0,169.0,71.0,56.0,127.0,game,Total,Under,,56.5,betfair,102,—,—,,20.0,,hit,,,,—,,
2026-09-21T01:35:17.907123+00:00,nfl,2026,2,401872945,4018729451088,2,14:07,(Shotgun) K.Walker up the middle to IND 39 for 1 yard (D.Buckner; J.Tillery).,1,10,IND 40,60,0,Kansas City Chiefs,Indianapolis Colts,10,10,76.9,23.1,130.0,39.0,169.0,71.0,56.0,127.0,game,ML,Kansas City Chiefs,,,polymarket,-301,—,—,,Loss,,miss,,,,—,,
2026-09-21T01:35:17.907123+00:00,nfl,2026,2,401872945,4018729451110,2,13:32,(Shotgun) P.Mahomes pass short left to X.Worthy to IND 33 for 6 yards (A.Davis-Gaither).,2,9,IND 39,61,0,Kansas City Chiefs,Indianapolis Colts,10,10,76.9,23.1,130.0,39.0,169.0,71.0,56.0,127.0,game,Total,Over,,56.5,betfair,-116,—,—,,20.0,,miss,,,,—,,
2026-09-21T01:35:17.907123+00:00,nfl,2026,2,401872945,4018729451110,2,13:32,(Shotgun) P.Mahomes pass short left to X.Worthy to IND 33 for 6 yards (A.Davis-Gaither).,2,9,IND 39,61,0,Kansas City Chiefs,Indianapolis Colts,10,10,76.9,23.1,130.0,39.0,169.0,71.0,56.0,127.0,game,Total,Under,,56.5,betfair,102,—,—,,20.0,,hit,,,,—,,
2026-09-21T01:35:17.907123+00:00,nfl,2026,2,401872945,4018729451110,2,13:32,(Shotgun) P.Mahomes pass short left to X.Worthy to IND 33 for 6 yards (A.Davis-Gaither).,2,9,IND 39,61,0,Kansas City Chiefs,Indianapolis Colts,10,10,76.9,23.1,130.0,39.0,169.0,71.0,56.0,127.0,game,ML,Kansas City Chiefs,,,polymarket,-301,—,—,,Loss,,miss,,,,—,,
2026-09-21T01:35:17.907123+00:00,nfl,2026,2,401872945,4018729451135,2,12:52,(Shotgun) P.Mahomes pass incomplete deep right to T.Kelce.,3,3,IND 33,67,0,Kansas City Chiefs,Indianapolis Colts,10,10,76.9,23.1,130.0,39.0,169.0,71.0,56.0,127.0,game,Total,Over,,56.5,betfair,-116,—,—,,20.0,,miss,,,,—,,
2026-09-21T01:35:17.907123+00:00,nfl,2026,2,401872945,4018729451135,2,12:52,(Shotgun) P.Mahomes pass incomplete deep right to T.Kelce.,3,3,IND 33,67,0,Kansas City Chiefs,Indianapolis Colts,10,10,76.9,23.1,130.0,39.0,169.0,71.0,56.0,127.0,game,Total,Under,,56.5,betfair,102,—,—,,20.0,,hit,,,,—,,
2026-09-21T01:35:17.907123+00:00,nfl,2026,2,401872945,4018729451135,2,12:52,(Shotgun) P.Mahomes pass incomplete deep right to T.Kelce.,3,3,IND 33,67,0,Kansas City Chiefs,Indianapolis Colts,10,10,76.9,23.1,130.0,39.0,169.0,71.0,56.0,127.0,game,ML,Kansas City Chiefs,,,polymarket,-301,—,—,,Loss,,miss,,,,—,,
2026-09-21T01:35:17.907123+00:00,nfl,2026,2,401872945,4018729451158,2,12:47,"H.Butker 51 yard field goal is No Good, Wide Left, Center-J.Winchester, Holder-M.Araiza.",4,3,IND 33,67,0,Kansas City Chiefs,Indianapolis Colts,10,10,76.9,23.1,130.0,39.0,169.0,71.0,56.0,127.0,game,Total,Over,,56.5,betfair,-116,—,—,,20.0,,miss,,,,—,,
2026-09-21T01:35:17.907123+00:00,nfl,2026,2,401872945,4018729451158,2,12:47,"H.Butker 51 yard field goal is No Good, Wide Left, Center-J.Winchester, Holder-M.Araiza.",4,3,IND 33,67,0,Kansas City Chiefs,Indianapolis Colts,10,10,76.9,23.1,130.0,39.0,169.0,71.0,56.0,127.0,game,Total,Under,,56.5,betfair,102,—,—,,20.0,,hit,,,,—,,
2026-09-21T01:35:17.907123+00:00,nfl,2026,2,401872945,4018729451158,2,12:47,"H.Butker 51 yard field goal is No Good, Wide Left, Center-J.Winchester, Holder-M.Araiza.",4,3,IND 33,67,0,Kansas City Chiefs,Indianapolis Colts,10,10,76.9,23.1,130.0,39.0,169.0,71.0,56.0,127.0,game,ML,Kansas City Chiefs,,,polymarket,-301,—,—,,Loss,,miss,,,,—,,
2026-09-21T01:35:17.907123+00:00,nfl,2026,2,401872945,4018729451169,2,12:42,Official Timeout at 12:42.,1,10,IND 41,59,0,Kansas City Chiefs,Indianapolis Colts,10,10,76.9,23.1,130.0,39.0,169.0,71.0,56.0,127.0,game,Total,Over,,56.5,betfair,-116,—,—,,20.0,,miss,,,,—,,
2026-09-21T01:35:17.907123+00:00,nfl,2026,2,401872945,4018729451169,2,12:42,Official Timeout at 12:42.,1,10,IND 41,59,0,Kansas City Chiefs,Indianapolis Colts,10,10,76.9,23.1,130.0,39.0,169.0,71.0,56.0,127.0,game,Total,Under,,56.5,betfair,102,—,—,,20.0,,hit,,,,—,,
2026-09-21T01:35:17.907123+00:00,nfl,2026,2,401872945,4018729451169,2,12:42,Official Timeout at 12:42.,1,10,IND 41,59,0,Kansas City Chiefs,Indianapolis Colts,10,10,76.9,23.1,130.0,39.0,169.0,71.0,56.0,127.0,game,ML,Kansas City Chiefs,,,polymarket,-301,—,—,,Loss,,miss,,,,—,,
2026-09-21T01:35:17.907123+00:00,nfl,2026,2,401872945,4018729451179,2,12:42,S.McGowan left tackle to IND 42 for 1 yard (P.Woods; N.Bolton).,1,10,IND 41,59,0,Kansas City Chiefs,Indianapolis Colts,10,10,76.9,23.1,130.0,39.0,169.0,71.0,56.0,127.0,game,Total,Over,,56.5,betfair,-116,—,—,,20.0,,miss,,,,—,,
2026-09-21T01:35:17.907123+00:00,nfl,2026,2,401872945,4018729451179,2,12:42,S.McGowan left tackle to IND 42 for 1 yard (P.Woods; N.Bolton).,1,10,IND 41,59,0,Kansas City Chiefs,Indianapolis Colts,10,10,76.9,23.1,130.0,39.0,169.0,71.0,56.0,127.0,game,Total,Under,,56.5,betfair,102,—,—,,20.0,,hit,,,,—,,
2026-09-21T01:35:17.907123+00:00,nfl,2026,2,401872945,4018729451179,2,12:42,S.McGowan left tackle to IND 42 for 1 yard (P.Woods; N.Bolton).,1,10,IND 41,59,0,Kansas City Chiefs,Indianapolis Colts,10,10,76.9,23.1,130.0,39.0,169.0,71.0,56.0,127.0,game,ML,Kansas City Chiefs,,,polymarket,-301,—,—,,Loss,,miss,,,,—,,
2026-09-21T01:35:17.907123+00:00,nfl,2026,2,401872945,4018729451213,2,12:00,D.Jones pass short right to T.Warren pushed ob at 50 for 8 yards (N.Bolton) [F.Anudike-Uzomah].,2,9,IND 42,58,0,Kansas City Chiefs,Indianapolis Colts,10,10,76.9,23.1,130.0,39.0,169.0,71.0,56.0,127.0,game,Total,Over,,56.5,betfair,-116,—,—,,20.0,,miss,,,,—,,
2026-09-21T01:35:17.907123+00:00,nfl,2026,2,401872945,4018729451213,2,12:00,D.Jones pass short right to T.Warren pushed ob at 50 for 8 yards (N.Bolton) [F.Anudike-Uzomah].,2,9,IND 42,58,0,Kansas City Chiefs,Indianapolis Colts,10,10,76.9,23.1,130.0,39.0,169.0,71.0,56.0,127.0,game,Total,Under,,56.5,betfair,102,—,—,,20.0,,hit,,,,—,,
2026-09-21T01:35:17.907123+00:00,nfl,2026,2,401872945,4018729451213,2,12:00,D.Jones pass short right to T.Warren pushed ob at 50 for 8 yards (N.Bolton) [F.Anudike-Uzomah].,2,9,IND 42,58,0,Kansas City Chiefs,Indianapolis Colts,10,10,76.9,23.1,130.0,39.0,169.0,71.0,56.0,127.0,game,ML,Kansas City Chiefs,,,polymarket,-301,—,—,,Loss,,miss,,,,—,,
2026-09-21T01:35:17.907123+00:00,nfl,2026,2,401872945,4018729451243,2,11:18,"L.Tenuta reported in as eligible.  D.Jones pass incomplete deep left to L.Treadwell [G.Karlaftis].PENALTY on KC-K.Fulton, Defensive Pass Interference, 26 yards, enforced at 50 - No Play.",3,1,50,50,0,Kansas City Chiefs,Indianapolis Colts,10,10,76.9,23.1,130.0,39.0,169.0,71.0,56.0,127.0,game,Total,Over,,56.5,betfair,-116,—,—,,20.0,,miss,,,,—,,
2026-09-21T01:35:17.907123+00:00,nfl,2026,2,401872945,4018729451243,2,11:18,"L.Tenuta reported in as eligible.  D.Jones pass incomplete deep left to L.Treadwell [G.Karlaftis].PENALTY on KC-K.Fulton, Defensive Pass Interference, 26 yards, enforced at 50 - No Play.",3,1,50,50,0,Kansas City Chiefs,Indianapolis Colts,10,10,76.9,23.1,130.0,39.0,169.0,71.0,56.0,127.0,game,Total,Under,,56.5,betfair,102,—,—,,20.0,,hit,,,,—,,
2026-09-21T01:35:17.907123+00:00,nfl,2026,2,401872945,4018729451243,2,11:18,"L.Tenuta reported in as eligible.  D.Jones pass incomplete deep left to L.Treadwell [G.Karlaftis].PENALTY on KC-K.Fulton, Defensive Pass Interference, 26 yards, enforced at 50 - No Play.",3,1,50,50,0,Kansas City Chiefs,Indianapolis Colts,10,10,76.9,23.1,130.0,39.0,169.0,71.0,56.0,127.0,game,ML,Kansas City Chiefs,,,polymarket,-301,—,—,,Loss,,miss,,,,—,,
2026-09-21T01:35:17.907123+00:00,nfl,2026,2,401872945,4018729451279,2,11:11,S.McGowan right end to KC 25 for -1 yards (D.Tranquill).,1,10,KC 24,24,0,Kansas City Chiefs,Indianapolis Colts,10,10,76.9,23.1,130.0,39.0,169.0,71.0,56.0,127.0,game,Total,Over,,56.5,betfair,-116,—,—,,20.0,,miss,,,,—,,
2026-09-21T01:35:17.907123+00:00,nfl,2026,2,401872945,4018729451279,2,11:11,S.McGowan right end to KC 25 for -1 yards (D.Tranquill).,1,10,KC 24,24,0,Kansas City Chiefs,Indianapolis Colts,10,10,76.9,23.1,130.0,39.0,169.0,71.0,56.0,127.0,game,Total,Under,,56.5,betfair,102,—,—,,20.0,,hit,,,,—,,
2026-09-21T01:35:17.907123+00:00,nfl,2026,2,401872945,4018729451279,2,11:11,S.McGowan right end to KC 25 for -1 yards (D.Tranquill).,1,10,KC 24,24,0,Kansas City Chiefs,Indianapolis Colts,10,10,76.9,23.1,130.0,39.0,169.0,71.0,56.0,127.0,game,ML,Kansas City Chiefs,,,polymarket,-301,—,—,,Loss,,miss,,,,—,,
2026-09-21T01:35:17.907123+00:00,nfl,2026,2,401872945,4018729451301,2,10:31,(Shotgun) D.Jones pass incomplete deep left to J.Downs.,2,11,KC 25,25,0,Kansas City Chiefs,Indianapolis Colts,10,10,76.9,23.1,130.0,39.0,169.0,71.0,56.0,127.0,game,Total,Over,,56.5,betfair,-116,—,—,,20.0,,miss,,,,—,,
2026-09-21T01:35:17.907123+00:00,nfl,2026,2,401872945,4018729451301,2,10:31,(Shotgun) D.Jones pass incomplete deep left to J.Downs.,2,11,KC 25,25,0,Kansas City Chiefs,Indianapolis Colts,10,10,76.9,23.1,130.0,39.0,169.0,71.0,56.0,127.0,game,Total,Under,,56.5,betfair,102,—,—,,20.0,,hit,,,,—,,
2026-09-21T01:35:17.907123+00:00,nfl,2026,2,401872945,4018729451301,2,10:31,(Shotgun) D.Jones pass incomplete deep left to J.Downs.,2,11,KC 25,25,0,Kansas City Chiefs,Indianapolis Colts,10,10,76.9,23.1,130.0,39.0,169.0,71.0,56.0,127.0,game,ML,Kansas City Chiefs,,,polymarket,-301,—,—,,Loss,,miss,,,,—,,
2026-09-21T01:35:17.907123+00:00,nfl,2026,2,401872945,4018729451324,2,10:26,"(Shotgun) PENALTY on IND, Delay of Game, 5 yards, enforced at KC 25 - No Play.",3,11,KC 25,25,0,Kansas City Chiefs,Indianapolis Colts,10,10,76.9,23.1,130.0,39.0,169.0,71.0,56.0,127.0,game,Total,Over,,56.5,betfair,-116,—,—,,20.0,,miss,,,,—,,
2026-09-21T01:35:17.907123+00:00,nfl,2026,2,401872945,4018729451324,2,10:26,"(Shotgun) PENALTY on IND, Delay of Game, 5 yards, enforced at KC 25 - No Play.",3,11,KC 25,25,0,Kansas City Chiefs,Indianapolis Colts,10,10,76.9,23.1,130.0,39.0,169.0,71.0,56.0,127.0,game,Total,Under,,56.5,betfair,102,—,—,,20.0,,hit,,,,—,,
2026-09-21T01:35:17.907123+00:00,nfl,2026,2,401872945,4018729451324,2,10:26,"(Shotgun) PENALTY on IND, Delay of Game, 5 yards, enforced at KC 25 - No Play.",3,11,KC 25,25,0,Kansas City Chiefs,Indianapolis Colts,10,10,76.9,23.1,130.0,39.0,169.0,71.0,56.0,127.0,game,ML,Kansas City Chiefs,,,polymarket,-301,—,—,,Loss,,miss,,,,—,,
2026-09-21T01:35:17.907123+00:00,nfl,2026,2,401872945,4018729451348,2,10:26,"(Shotgun) PENALTY on IND-L.Treadwell, False Start, 5 yards, enforced at KC 30 - No Play.",3,16,KC 30,30,0,Kansas City Chiefs,Indianapolis Colts,10,10,76.9,23.1,130.0,39.0,169.0,71.0,56.0,127.0,game,Total,Over,,56.5,betfair,-116,—,—,,20.0,,miss,,,,—,,
2026-09-21T01:35:17.907123+00:00,nfl,2026,2,401872945,4018729451348,2,10:26,"(Shotgun) PENALTY on IND-L.Treadwell, False Start, 5 yards, enforced at KC 30 - No Play.",3,16,KC 30,30,0,Kansas City Chiefs,Indianapolis Colts,10,10,76.9,23.1,130.0,39.0,169.0,71.0,56.0,127.0,game,Total,Under,,56.5,betfair,102,—,—,,20.0,,hit,,,,—,,
2026-09-21T01:35:17.907123+00:00,nfl,2026,2,401872945,4018729451348,2,10:26,"(Shotgun) PENALTY on IND-L.Treadwell, False Start, 5 yards, enforced at KC 30 - No Play.",3,16,KC 30,30,0,Kansas City Chiefs,Indianapolis Colts,10,10,76.9,23.1,130.0,39.0,169.0,71.0,56.0,127.0,game,ML,Kansas City Chiefs,,,polymarket,-301,—,—,,Loss,,miss,,,,—,,
2026-09-21T01:35:17.907123+00:00,nfl,2026,2,401872945,4018729451372,2,10:26,(Shotgun) D.Jones pass short right to J.Taylor to KC 31 for 4 yards (G.Karlaftis; N.Williams).,3,21,KC 35,35,0,Kansas City Chiefs,Indianapolis Colts,10,10,76.9,23.1,130.0,39.0,169.0,71.0,56.0,127.0,game,Total,Over,,56.5,betfair,-116,—,—,,20.0,,miss,,,,—,,
2026-09-21T01:35:17.907123+00:00,nfl,2026,2,401872945,4018729451372,2,10:26,(Shotgun) D.Jones pass short right to J.Taylor to KC 31 for 4 yards (G.Karlaftis; N.Williams).,3,21,KC 35,35,0,Kansas City Chiefs,Indianapolis Colts,10,10,76.9,23.1,130.0,39.0,169.0,71.0,56.0,127.0,game,Total,Under,,56.5,betfair,102,—,—,,20.0,,hit,,,,—,,
2026-09-21T01:35:17.907123+00:00,nfl,2026,2,401872945,4018729451372,2,10:26,(Shotgun) D.Jones pass short right to J.Taylor to KC 31 for 4 yards (G.Karlaftis; N.Williams).,3,21,KC 35,35,0,Kansas City Chiefs,Indianapolis Colts,10,10,76.9,23.1,130.0,39.0,169.0,71.0,56.0,127.0,game,ML,Kansas City Chiefs,,,polymarket,-301,—,—,,Loss,,miss,,,,—,,
2026-09-21T01:35:17.907123+00:00,nfl,2026,2,401872945,4018729451407,2,9:44,Official Timeout at 09:44.,-1,1,IND 35,65,-3,Kansas City Chiefs,Indianapolis Colts,10,13,76.9,23.1,130.0,39.0,169.0,71.0,56.0,127.0,game,Total,Over,,56.5,betfair,-116,—,—,,23.0,,miss,,,,—,,
2026-09-21T01:35:17.907123+00:00,nfl,2026,2,401872945,4018729451407,2,9:44,Official Timeout at 09:44.,-1,1,IND 35,65,-3,Kansas City Chiefs,Indianapolis Colts,10,13,76.9,23.1,130.0,39.0,169.0,71.0,56.0,127.0,game,Total,Under,,56.5,betfair,102,—,—,,23.0,,hit,,,,—,,
2026-09-21T01:35:17.907123+00:00,nfl,2026,2,401872945,4018729451407,2,9:44,Official Timeout at 09:44.,-1,1,IND 35,65,-3,Kansas City Chiefs,Indianapolis Colts,10,13,76.9,23.1,130.0,39.0,169.0,71.0,56.0,127.0,game,ML,Kansas City Chiefs,,,polymarket,-301,—,—,,Loss,,miss,,,,—,,
2026-09-21T01:35:17.907123+00:00,nfl,2026,2,401872945,4018729451397,2,9:44,"S.Shrader 49 yard field goal is GOOD, Center-L.Rhodes, Holder-R.Sanchez.",4,17,KC 31,31,-3,Kansas City Chiefs,Indianapolis Colts,10,13,76.9,23.1,130.0,39.0,169.0,71.0,56.0,127.0,game,Total,Over,,56.5,betfair,-116,—,—,,23.0,,miss,,,,—,,
2026-09-21T01:35:17.907123+00:00,nfl,2026,2,401872945,4018729451397,2,9:44,"S.Shrader 49 yard field goal is GOOD, Center-L.Rhodes, Holder-R.Sanchez.",4,17,KC 31,31,-3,Kansas City Chiefs,Indianapolis Colts,10,13,76.9,23.1,130.0,39.0,169.0,71.0,56.0,127.0,game,Total,Under,,56.5,betfair,102,—,—,,23.0,,hit,,,,—,,
2026-09-21T01:35:17.907123+00:00,nfl,2026,2,401872945,4018729451397,2,9:44,"S.Shrader 49 yard field goal is GOOD, Center-L.Rhodes, Holder-R.Sanchez.",4,17,KC 31,31,-3,Kansas City Chiefs,Indianapolis Colts,10,13,76.9,23.1,130.0,39.0,169.0,71.0,56.0,127.0,game,ML,Kansas City Chiefs,,,polymarket,-301,—,—,,Loss,,miss,,,,—,,
2026-09-21T01:35:17.907123+00:00,nfl,2026,2,401872945,4018729451417,2,9:44,S.Shrader kicks 61 yards from IND 35 to KC 4. B.Smith to KC 30 for 26 yards (C.Curry; B.Boettcher).,2,1,IND 37,65,-3,Kansas City Chiefs,Indianapolis Colts,10,13,76.9,23.1,130.0,39.0,169.0,71.0,56.0,127.0,game,Total,Over,,56.5,betfair,-116,—,—,,23.0,,miss,,,,—,,
2026-09-21T01:35:17.907123+00:00,nfl,2026,2,401872945,4018729451417,2,9:44,S.Shrader kicks 61 yards from IND 35 to KC 4. B.Smith to KC 30 for 26 yards (C.Curry; B.Boettcher).,2,1,IND 37,65,-3,Kansas City Chiefs,Indianapolis Colts,10,13,76.9,23.1,130.0,39.0,169.0,71.0,56.0,127.0,game,Total,Under,,56.5,betfair,102,—,—,,23.0,,hit,,,,—,,
2026-09-21T01:35:17.907123+00:00,nfl,2026,2,401872945,4018729451417,2,9:44,S.Shrader kicks 61 yards from IND 35 to KC 4. B.Smith to KC 30 for 26 yards (C.Curry; B.Boettcher).,2,1,IND 37,65,-3,Kansas City Chiefs,Indianapolis Colts,10,13,76.9,23.1,130.0,39.0,169.0,71.0,56.0,127.0,game,ML,Kansas City Chiefs,,,polymarket,-301,—,—,,Loss,,miss,,,,—,,
2026-09-21T01:35:17.907123+00:00,nfl,2026,2,401872945,4018729451447,2,9:39,P.Mahomes pass short right to K.Walker to KC 36 for 6 yards (J.Tuimoloau; J.Carlies).,1,10,KC 30,30,-3,Kansas City Chiefs,Indianapolis Colts,10,13,76.9,23.1,130.0,39.0,169.0,71.0,56.0,127.0,game,Total,Over,,56.5,betfair,-116,—,—,,23.0,,miss,,,,—,,
2026-09-21T01:35:17.907123+00:00,nfl,2026,2,401872945,4018729451447,2,9:39,P.Mahomes pass short right to K.Walker to KC 36 for 6 yards (J.Tuimoloau; J.Carlies).,1,10,KC 30,30,-3,Kansas City Chiefs,Indianapolis Colts,10,13,76.9,23.1,130.0,39.0,169.0,71.0,56.0,127.0,game,Total,Under,,56.5,betfair,102,—,—,,23.0,,hit,,,,—,,
2026-09-21T01:35:17.907123+00:00,nfl,2026,2,401872945,4018729451447,2,9:39,P.Mahomes pass short right to K.Walker to KC 36 for 6 yards (J.Tuimoloau; J.Carlies).,1,10,KC 30,30,-3,Kansas City Chiefs,Indianapolis Colts,10,13,76.9,23.1,130.0,39.0,169.0,71.0,56.0,127.0,game,ML,Kansas City Chiefs,,,polymarket,-301,—,—,,Loss,,miss,,,,—,,
2026-09-21T01:35:17.907123+00:00,nfl,2026,2,401872945,4018729451477,2,8:55,Kingsley Suamataia 10 Yd Pnlty Kenneth Walker III 3 Yd Rush,2,4,KC 36,36,-3,Kansas City Chiefs,Indianapolis Colts,10,13,76.9,23.1,130.0,39.0,169.0,71.0,56.0,127.0,game,Total,Over,,56.5,betfair,-116,—,—,,23.0,,miss,,,,—,,
2026-09-21T01:35:17.907123+00:00,nfl,2026,2,401872945,4018729451477,2,8:55,Kingsley Suamataia 10 Yd Pnlty Kenneth Walker III 3 Yd Rush,2,4,KC 36,36,-3,Kansas City Chiefs,Indianapolis Colts,10,13,76.9,23.1,130.0,39.0,169.0,71.0,56.0,127.0,game,Total,Under,,56.5,betfair,102,—,—,,23.0,,hit,,,,—,,
2026-09-21T01:35:17.907123+00:00,nfl,2026,2,401872945,4018729451477,2,8:55,Kingsley Suamataia 10 Yd Pnlty Kenneth Walker III 3 Yd Rush,2,4,KC 36,36,-3,Kansas City Chiefs,Indianapolis Colts,10,13,76.9,23.1,130.0,39.0,169.0,71.0,56.0,127.0,game,ML,Kansas City Chiefs,,,polymarket,-301,—,—,,Loss,,miss,,,,—,,
2026-09-21T01:35:17.907123+00:00,nfl,2026,2,401872945,4018729451511,2,8:25,(Shotgun) P.Mahomes pass deep middle to R.Rice to KC 42 for 16 yards (C.Bynum).,2,14,KC 26,26,-3,Kansas City Chiefs,Indianapolis Colts,10,13,76.9,23.1,130.0,39.0,169.0,71.0,56.0,127.0,game,Total,Over,,56.5,betfair,-116,—,—,,23.0,,miss,,,,—,,
2026-09-21T01:35:17.907123+00:00,nfl,2026,2,401872945,4018729451511,2,8:25,(Shotgun) P.Mahomes pass deep middle to R.Rice to KC 42 for 16 yards (C.Bynum).,2,14,KC 26,26,-3,Kansas City Chiefs,Indianapolis Colts,10,13,76.9,23.1,130.0,39.0,169.0,71.0,56.0,127.0,game,Total,Under,,56.5,betfair,102,—,—,,23.0,,hit,,,,—,,
2026-09-21T01:35:17.907123+00:00,nfl,2026,2,401872945,4018729451511,2,8:25,(Shotgun) P.Mahomes pass deep middle to R.Rice to KC 42 for 16 yards (C.Bynum).,2,14,KC 26,26,-3,Kansas City Chiefs,Indianapolis Colts,10,13,76.9,23.1,130.0,39.0,169.0,71.0,56.0,127.0,game,ML,Kansas City Chiefs,,,polymarket,-301,—,—,,Loss,,miss,,,,—,,
2026-09-21T01:35:17.907123+00:00,nfl,2026,2,401872945,4018729451553,2,7:46,K.Walker up the middle to KC 49 for 7 yards (C.Bynum).,1,10,KC 42,42,-3,Kansas City Chiefs,Indianapolis Colts,10,13,76.9,23.1,130.0,39.0,169.0,71.0,56.0,127.0,game,Total,Over,,56.5,betfair,-116,—,—,,23.0,,miss,,,,—,,
2026-09-21T01:35:17.907123+00:00,nfl,2026,2,401872945,4018729451553,2,7:46,K.Walker up the middle to KC 49 for 7 yards (C.Bynum).,1,10,KC 42,42,-3,Kansas City Chiefs,Indianapolis Colts,10,13,76.9,23.1,130.0,39.0,169.0,71.0,56.0,127.0,game,Total,Under,,56.5,betfair,102,—,—,,23.0,,hit,,,,—,,
2026-09-21T01:35:17.907123+00:00,nfl,2026,2,401872945,4018729451553,2,7:46,K.Walker up the middle to KC 49 for 7 yards (C.Bynum).,1,10,KC 42,42,-3,Kansas City Chiefs,Indianapolis Colts,10,13,76.9,23.1,130.0,39.0,169.0,71.0,56.0,127.0,game,ML,Kansas City Chiefs,,,polymarket,-301,—,—,,Loss,,miss,,,,—,,
2026-09-21T01:35:17.907123+00:00,nfl,2026,2,401872945,4018729451577,2,7:10,(Shotgun) K.Walker right guard to IND 43 for 8 yards (A.Davis-Gaither; C.Ward).,2,3,KC 49,49,-3,Kansas City Chiefs,Indianapolis Colts,10,13,76.9,23.1,130.0,39.0,169.0,71.0,56.0,127.0,game,Total,Over,,56.5,betfair,-116,—,—,,23.0,,miss,,,,—,,
2026-09-21T01:35:17.907123+00:00,nfl,2026,2,401872945,4018729451577,2,7:10,(Shotgun) K.Walker right guard to IND 43 for 8 yards (A.Davis-Gaither; C.Ward).,2,3,KC 49,49,-3,Kansas City Chiefs,Indianapolis Colts,10,13,76.9,23.1,130.0,39.0,169.0,71.0,56.0,127.0,game,Total,Under,,56.5,betfair,102,—,—,,23.0,,hit,,,,—,,
2026-09-21T01:35:17.907123+00:00,nfl,2026,2,401872945,4018729451577,2,7:10,(Shotgun) K.Walker right guard to IND 43 for 8 yards (A.Davis-Gaither; C.Ward).,2,3,KC 49,49,-3,Kansas City Chiefs,Indianapolis Colts,10,13,76.9,23.1,130.0,39.0,169.0,71.0,56.0,127.0,game,ML,Kansas City Chiefs,,,polymarket,-301,—,—,,Loss,,miss,,,,—,,
2026-09-21T01:35:17.907123+00:00,nfl,2026,2,401872945,4018729451599,2,6:31,(Shotgun) P.Mahomes pass short right to T.Thornton to IND 37 for 6 yards (A.Gardner).,1,10,IND 43,57,-3,Kansas City Chiefs,Indianapolis Colts,10,13,76.9,23.1,130.0,39.0,169.0,71.0,56.0,127.0,game,Total,Over,,56.5,betfair,-116,—,—,,23.0,,miss,,,,—,,
2026-09-21T01:35:17.907123+00:00,nfl,2026,2,401872945,4018729451599,2,6:31,(Shotgun) P.Mahomes pass short right to T.Thornton to IND 37 for 6 yards (A.Gardner).,1,10,IND 43,57,-3,Kansas City Chiefs,Indianapolis Colts,10,13,76.9,23.1,130.0,39.0,169.0,71.0,56.0,127.0,game,Total,Under,,56.5,betfair,102,—,—,,23.0,,hit,,,,—,,
2026-09-21T01:35:17.907123+00:00,nfl,2026,2,401872945,4018729451599,2,6:31,(Shotgun) P.Mahomes pass short right to T.Thornton to IND 37 for 6 yards (A.Gardner).,1,10,IND 43,57,-3,Kansas City Chiefs,Indianapolis Colts,10,13,76.9,23.1,130.0,39.0,169.0,71.0,56.0,127.0,game,ML,Kansas City Chiefs,,,polymarket,-301,—,—,,Loss,,miss,,,,—,,
2026-09-21T01:35:17.907123+00:00,nfl,2026,2,401872945,4018729451624,2,5:51,(Shotgun) P.Mahomes pass short right to T.Kelce to IND 26 for 11 yards (L.Latu).,2,4,IND 37,63,-3,Kansas City Chiefs,Indianapolis Colts,10,13,76.9,23.1,130.0,39.0,169.0,71.0,56.0,127.0,game,Total,Over,,56.5,betfair,-116,—,—,,23.0,,miss,,,,—,,
2026-09-21T01:35:17.907123+00:00,nfl,2026,2,401872945,4018729451624,2,5:51,(Shotgun) P.Mahomes pass short right to T.Kelce to IND 26 for 11 yards (L.Latu).,2,4,IND 37,63,-3,Kansas City Chiefs,Indianapolis Colts,10,13,76.9,23.1,130.0,39.0,169.0,71.0,56.0,127.0,game,Total,Under,,56.5,betfair,102,—,—,,23.0,,hit,,,,—,,
2026-09-21T01:35:17.907123+00:00,nfl,2026,2,401872945,4018729451624,2,5:51,(Shotgun) P.Mahomes pass short right to T.Kelce to IND 26 for 11 yards (L.Latu).,2,4,IND 37,63,-3,Kansas City Chiefs,Indianapolis Colts,10,13,76.9,23.1,130.0,39.0,169.0,71.0,56.0,127.0,game,ML,Kansas City Chiefs,,,polymarket,-301,—,—,,Loss,,miss,,,,—,,
2026-09-21T01:35:17.907123+00:00,nfl,2026,2,401872945,4018729451649,2,5:09,(Shotgun) P.Mahomes pass short left to T.Kelce to IND 21 for 5 yards (A.Gardner; C.Allen).,1,10,IND 26,74,-3,Kansas City Chiefs,Indianapolis Colts,10,13,76.9,23.1,130.0,39.0,169.0,71.0,56.0,127.0,game,Total,Over,,56.5,betfair,-116,—,—,,23.0,,miss,,,,—,,
2026-09-21T01:35:17.907123+00:00,nfl,2026,2,401872945,4018729451649,2,5:09,(Shotgun) P.Mahomes pass short left to T.Kelce to IND 21 for 5 yards (A.Gardner; C.Allen).,1,10,IND 26,74,-3,Kansas City Chiefs,Indianapolis Colts,10,13,76.9,23.1,130.0,39.0,169.0,71.0,56.0,127.0,game,Total,Under,,56.5,betfair,102,—,—,,23.0,,hit,,,,—,,
2026-09-21T01:35:17.907123+00:00,nfl,2026,2,401872945,4018729451649,2,5:09,(Shotgun) P.Mahomes pass short left to T.Kelce to IND 21 for 5 yards (A.Gardner; C.Allen).,1,10,IND 26,74,-3,Kansas City Chiefs,Indianapolis Colts,10,13,76.9,23.1,130.0,39.0,169.0,71.0,56.0,127.0,game,ML,Kansas City Chiefs,,,polymarket,-301,—,—,,Loss,,miss,,,,—,,
2026-09-21T01:35:17.907123+00:00,nfl,2026,2,401872945,4018729451674,2,4:29,(Shotgun) P.Mahomes pass short left to J.Royals pushed ob at IND 16 for 5 yards (A.Gardner).,2,5,IND 21,79,-3,Kansas City Chiefs,Indianapolis Colts,10,13,76.9,23.1,130.0,39.0,169.0,71.0,56.0,127.0,game,Total,Over,,56.5,betfair,-116,—,—,,23.0,,miss,,,,—,,
2026-09-21T01:35:17.907123+00:00,nfl,2026,2,401872945,4018729451674,2,4:29,(Shotgun) P.Mahomes pass short left to J.Royals pushed ob at IND 16 for 5 yards (A.Gardner).,2,5,IND 21,79,-3,Kansas City Chiefs,Indianapolis Colts,10,13,76.9,23.1,130.0,39.0,169.0,71.0,56.0,127.0,game,Total,Under,,56.5,betfair,102,—,—,,23.0,,hit,,,,—,,
2026-09-21T01:35:17.907123+00:00,nfl,2026,2,401872945,4018729451674,2,4:29,(Shotgun) P.Mahomes pass short left to J.Royals pushed ob at IND 16 for 5 yards (A.Gardner).,2,5,IND 21,79,-3,Kansas City Chiefs,Indianapolis Colts,10,13,76.9,23.1,130.0,39.0,169.0,71.0,56.0,127.0,game,ML,Kansas City Chiefs,,,polymarket,-301,—,—,,Loss,,miss,,,,—,,
2026-09-21T01:35:17.907123+00:00,nfl,2026,2,401872945,4018729451704,2,3:58,(Shotgun) P.Mahomes pass incomplete short right.,1,10,IND 16,84,-3,Kansas City Chiefs,Indianapolis Colts,10,13,76.9,23.1,130.0,39.0,169.0,71.0,56.0,127.0,game,Total,Over,,56.5,betfair,-116,—,—,,23.0,,miss,,,,—,,
2026-09-21T01:35:17.907123+00:00,nfl,2026,2,401872945,4018729451704,2,3:58,(Shotgun) P.Mahomes pass incomplete short right.,1,10,IND 16,84,-3,Kansas City Chiefs,Indianapolis Colts,10,13,76.9,23.1,130.0,39.0,169.0,71.0,56.0,127.0,game,Total,Under,,56.5,betfair,102,—,—,,23.0,,hit,,,,—,,
2026-09-21T01:35:17.907123+00:00,nfl,2026,2,401872945,4018729451704,2,3:58,(Shotgun) P.Mahomes pass incomplete short right.,1,10,IND 16,84,-3,Kansas City Chiefs,Indianapolis Colts,10,13,76.9,23.1,130.0,39.0,169.0,71.0,56.0,127.0,game,ML,Kansas City Chiefs,,,polymarket,-301,—,—,,Loss,,miss,,,,—,,
2026-09-21T01:35:17.907123+00:00,nfl,2026,2,401872945,4018729451727,2,3:50,(Shotgun) P.Mahomes pass short left to K.Walker to IND 5 for 11 yards (A.Haulcy).,2,10,IND 16,84,-3,Kansas City Chiefs,Indianapolis Colts,10,13,76.9,23.1,130.0,39.0,169.0,71.0,56.0,127.0,game,Total,Over,,56.5,betfair,-116,—,—,,23.0,,miss,,,,—,,
2026-09-21T01:35:17.907123+00:00,nfl,2026,2,401872945,4018729451727,2,3:50,(Shotgun) P.Mahomes pass short left to K.Walker to IND 5 for 11 yards (A.Haulcy).,2,10,IND 16,84,-3,Kansas City Chiefs,Indianapolis Colts,10,13,76.9,23.1,130.0,39.0,169.0,71.0,56.0,127.0,game,Total,Under,,56.5,betfair,102,—,—,,23.0,,hit,,,,—,,
2026-09-21T01:35:17.907123+00:00,nfl,2026,2,401872945,4018729451727,2,3:50,(Shotgun) P.Mahomes pass short left to K.Walker to IND 5 for 11 yards (A.Haulcy).,2,10,IND 16,84,-3,Kansas City Chiefs,Indianapolis Colts,10,13,76.9,23.1,130.0,39.0,169.0,71.0,56.0,127.0,game,ML,Kansas City Chiefs,,,polymarket,-301,—,—,,Loss,,miss,,,,—,,
2026-09-21T01:35:17.907123+00:00,nfl,2026,2,401872945,4018729451752,2,3:09,(Shotgun) P.Mahomes pass short right to X.Worthy to IND 1 for 4 yards (L.Latu).,1,5,IND 5,95,-3,Kansas City Chiefs,Indianapolis Colts,10,13,76.9,23.1,130.0,39.0,169.0,71.0,56.0,127.0,game,Total,Over,,56.5,betfair,-116,—,—,,23.0,,miss,,,,—,,
2026-09-21T01:35:17.907123+00:00,nfl,2026,2,401872945,4018729451752,2,3:09,(Shotgun) P.Mahomes pass short right to X.Worthy to IND 1 for 4 yards (L.Latu).,1,5,IND 5,95,-3,Kansas City Chiefs,Indianapolis Colts,10,13,76.9,23.1,130.0,39.0,169.0,71.0,56.0,127.0,game,Total,Under,,56.5,betfair,102,—,—,,23.0,,hit,,,,—,,
2026-09-21T01:35:17.907123+00:00,nfl,2026,2,401872945,4018729451752,2,3:09,(Shotgun) P.Mahomes pass short right to X.Worthy to IND 1 for 4 yards (L.Latu).,1,5,IND 5,95,-3,Kansas City Chiefs,Indianapolis Colts,10,13,76.9,23.1,130.0,39.0,169.0,71.0,56.0,127.0,game,ML,Kansas City Chiefs,,,polymarket,-301,—,—,,Loss,,miss,,,,—,,
2026-09-21T01:35:17.907123+00:00,nfl,2026,2,401872945,4018729451816,2,2:25,Official Timeout at 02:25.,-1,1,IND 15,85,4,Kansas City Chiefs,Indianapolis Colts,17,13,76.9,23.1,130.0,39.0,169.0,71.0,56.0,127.0,game,Total,Over,,56.5,betfair,-116,—,—,,30.0,,miss,,,,—,,
2026-09-21T01:35:17.907123+00:00,nfl,2026,2,401872945,4018729451816,2,2:25,Official Timeout at 02:25.,-1,1,IND 15,85,4,Kansas City Chiefs,Indianapolis Colts,17,13,76.9,23.1,130.0,39.0,169.0,71.0,56.0,127.0,game,Total,Under,,56.5,betfair,102,—,—,,30.0,,hit,,,,—,,
2026-09-21T01:35:17.907123+00:00,nfl,2026,2,401872945,4018729451816,2,2:25,Official Timeout at 02:25.,-1,1,IND 15,85,4,Kansas City Chiefs,Indianapolis Colts,17,13,76.9,23.1,130.0,39.0,169.0,71.0,56.0,127.0,game,ML,Kansas City Chiefs,,,polymarket,-301,—,—,,Win,,hit,,,,—,,
2026-09-21T01:35:17.907123+00:00,nfl,2026,2,401872945,4018729451782,2,2:25,"(Shotgun) P.Mahomes pass short right to X.Worthy for 1 yard, TOUCHDOWN. H.Butker extra point is GOOD, Center-J.Winchester, Holder-M.Araiza.",2,1,IND 1,99,4,Kansas City Chiefs,Indianapolis Colts,17,13,76.9,23.1,130.0,39.0,169.0,71.0,56.0,127.0,game,Total,Over,,56.5,betfair,-116,—,—,,30.0,,miss,,,,—,,
2026-09-21T01:35:17.907123+00:00,nfl,2026,2,401872945,4018729451782,2,2:25,"(Shotgun) P.Mahomes pass short right to X.Worthy for 1 yard, TOUCHDOWN. H.Butker extra point is GOOD, Center-J.Winchester, Holder-M.Araiza.",2,1,IND 1,99,4,Kansas City Chiefs,Indianapolis Colts,17,13,76.9,23.1,130.0,39.0,169.0,71.0,56.0,127.0,game,Total,Under,,56.5,betfair,102,—,—,,30.0,,hit,,,,—,,
2026-09-21T01:35:17.907123+00:00,nfl,2026,2,401872945,4018729451782,2,2:25,"(Shotgun) P.Mahomes pass short right to X.Worthy for 1 yard, TOUCHDOWN. H.Butker extra point is GOOD, Center-J.Winchester, Holder-M.Araiza.",2,1,IND 1,99,4,Kansas City Chiefs,Indianapolis Colts,17,13,76.9,23.1,130.0,39.0,169.0,71.0,56.0,127.0,game,ML,Kansas City Chiefs,,,polymarket,-301,—,—,,Win,,hit,,,,—,,
2026-09-21T01:35:17.907123+00:00,nfl,2026,2,401872945,4018729451823,2,2:25,H.Butker kicks 60 yards from KC 35 to IND 5. A.Gould to IND 28 for 23 yards (J.Royals; J.Bassa).,2,1,IND 37,35,4,Kansas City Chiefs,Indianapolis Colts,17,13,76.9,23.1,130.0,39.0,169.0,71.0,56.0,127.0,game,Total,Over,,56.5,betfair,-116,—,—,,30.0,,miss,,,,—,,
2026-09-21T01:35:17.907123+00:00,nfl,2026,2,401872945,4018729451823,2,2:25,H.Butker kicks 60 yards from KC 35 to IND 5. A.Gould to IND 28 for 23 yards (J.Royals; J.Bassa).,2,1,IND 37,35,4,Kansas City Chiefs,Indianapolis Colts,17,13,76.9,23.1,130.0,39.0,169.0,71.0,56.0,127.0,game,Total,Under,,56.5,betfair,102,—,—,,30.0,,hit,,,,—,,
2026-09-21T01:35:17.907123+00:00,nfl,2026,2,401872945,4018729451823,2,2:25,H.Butker kicks 60 yards from KC 35 to IND 5. A.Gould to IND 28 for 23 yards (J.Royals; J.Bassa).,2,1,IND 37,35,4,Kansas City Chiefs,Indianapolis Colts,17,13,76.9,23.1,130.0,39.0,169.0,71.0,56.0,127.0,game,ML,Kansas City Chiefs,,,polymarket,-301,—,—,,Win,,hit,,,,—,,
2026-09-21T01:35:17.907123+00:00,nfl,2026,2,401872945,4018729451853,2,2:20, D.Jones pass short left to J.Downs to IND 37 for 9 yards (L.Sneed; D.Tranquill).,1,10,IND 28,72,4,Kansas City Chiefs,Indianapolis Colts,17,13,76.9,23.1,130.0,39.0,169.0,71.0,56.0,127.0,game,Total,Over,,56.5,betfair,-116,—,—,,30.0,,miss,,,,—,,
2026-09-21T01:35:17.907123+00:00,nfl,2026,2,401872945,4018729451853,2,2:20, D.Jones pass short left to J.Downs to IND 37 for 9 yards (L.Sneed; D.Tranquill).,1,10,IND 28,72,4,Kansas City Chiefs,Indianapolis Colts,17,13,76.9,23.1,130.0,39.0,169.0,71.0,56.0,127.0,game,Total,Under,,56.5,betfair,102,—,—,,30.0,,hit,,,,—,,
2026-09-21T01:35:17.907123+00:00,nfl,2026,2,401872945,4018729451853,2,2:20, D.Jones pass short left to J.Downs to IND 37 for 9 yards (L.Sneed; D.Tranquill).,1,10,IND 28,72,4,Kansas City Chiefs,Indianapolis Colts,17,13,76.9,23.1,130.0,39.0,169.0,71.0,56.0,127.0,game,ML,Kansas City Chiefs,,,polymarket,-301,—,—,,Win,,hit,,,,—,,
2026-09-21T01:35:17.907123+00:00,nfl,2026,2,401872945,4018729451866,2,2:00,Two-Minute Warning,2,1,IND 37,63,4,Kansas City Chiefs,Indianapolis Colts,17,13,76.9,23.1,130.0,39.0,169.0,71.0,56.0,127.0,game,Total,Over,,56.5,betfair,-116,—,—,,30.0,,miss,,,,—,,
2026-09-21T01:35:17.907123+00:00,nfl,2026,2,401872945,4018729451866,2,2:00,Two-Minute Warning,2,1,IND 37,63,4,Kansas City Chiefs,Indianapolis Colts,17,13,76.9,23.1,130.0,39.0,169.0,71.0,56.0,127.0,game,Total,Under,,56.5,betfair,102,—,—,,30.0,,hit,,,,—,,
2026-09-21T01:35:17.907123+00:00,nfl,2026,2,401872945,4018729451866,2,2:00,Two-Minute Warning,2,1,IND 37,63,4,Kansas City Chiefs,Indianapolis Colts,17,13,76.9,23.1,130.0,39.0,169.0,71.0,56.0,127.0,game,ML,Kansas City Chiefs,,,polymarket,-301,—,—,,Win,,hit,,,,—,,
